timestamp_ms,ax,ay,az,gx,gy,gz,ir,red,emg_filtered,emg_envelope
645204,8.9030,-4.0530,2.4380,-0.0270,0.0250,-0.0320,45224,36665,3,9
645224,8.9420,-3.8190,2.4340,-0.1150,0.0270,-0.0200,45230,36667,4,16
645244,9.1090,-3.7100,2.5070,-0.2070,0.0310,0.0260,45237,36672,3,9
645264,9.1540,-3.7390,2.5430,-0.2280,0.0440,0.0570,45239,36663,4,16
645284,9.0930,-3.9540,2.4550,-0.2180,0.0570,0.0840,45223,36662,6,36
645304,9.1250,-4.3260,2.3740,-0.3270,0.0680,0.1580,45191,36643,4,16
645325,9.0510,-4.2270,2.3270,-0.4420,0.0780,0.2100,45157,36628,4,16
645345,8.8780,-4.1300,2.3680,-0.5470,0.0940,0.2570,45127,36618,3,9
645365,8.7480,-4.2110,2.3710,-0.6430,0.1310,0.2910,45097,36606,3,9
645385,8.7740,-4.6410,1.9390,-0.8170,0.1530,0.2990,45080,36592,4,16
645405,9.0210,-5.2390,1.7010,-1.1060,0.1920,0.3210,45062,36587,4,16
645425,8.7220,-5.3070,1.7200,-1.4110,0.2760,0.3400,45031,36575,3,9
645445,8.8710,-5.1510,1.7990,-1.7000,0.3250,0.3440,45015,36572,5,25
645465,8.9120,-5.0430,1.1680,-1.6350,0.3830,0.2550,45004,36572,3,9
645485,9.0370,-4.8210,-0.2440,-0.9530,0.4170,0.1320,44977,36578,3,9
645505,7.8610,-2.4920,0.2330,1.1510,0.7330,-0.0430,44974,36612,5,25
645526,8.7520,-5.6530,1.4440,2.7250,0.9410,0.1810,45037,36681,3,9
645546,10.1500,-10.2850,2.0240,2.9610,0.9680,0.5160,45188,36773,2,4
645566,10.2900,-12.4870,2.0230,2.4580,0.6950,0.9330,45430,36871,5,25
645586,9.5040,-12.3880,1.5240,1.6100,0.2070,1.4380,45614,36930,4,16
645606,8.0880,-10.0390,1.5920,1.1140,-0.2400,1.8990,45701,36958,5,25
645626,6.9500,-8.3340,1.5750,1.2070,-0.5460,2.1670,45732,36967,3,9
645646,6.0020,-7.3940,1.7630,1.4760,-0.7510,2.2570,45715,36952,3,9
645666,5.4460,-7.0700,2.2370,1.6650,-0.8500,2.1900,45670,36921,4,16
645686,5.1760,-7.1410,2.6260,1.4470,-0.8570,2.1070,45611,36885,5,25
645706,5.0960,-6.7150,2.7460,-0.0590,-1.0630,1.8940,45571,36854,4,16
645727,5.1690,-5.3450,2.9400,-1.1870,-1.1540,1.3810,45547,36827,5,25
645747,4.8790,-2.9210,3.5180,-1.6480,-1.0850,0.6980,45439,36756,3,9
645767,4.5730,-1.4640,3.0810,-1.3440,-0.9660,0.0670,45214,36661,5,25
645787,4.9520,-1.3360,2.9590,-0.7930,-0.7440,-0.4390,44944,36547,4,16
645807,6.4260,-2.0520,3.3570,-0.2580,-0.5610,-0.8320,44703,36455,4,16
645827,8.1020,-3.3700,3.8340,-0.1210,-0.4430,-1.0680,44543,36400,4,16
645847,9.0740,-4.4440,3.4070,-0.4110,-0.3470,-1.1800,44458,36369,3,9
645867,9.4690,-5.1270,2.8680,-1.0970,-0.2960,-1.1790,44390,36348,3,9
645887,9.3370,-4.8400,2.4100,-2.0860,-0.3230,-1.0650,44384,36363,2,4
645908,9.2660,-4.6850,2.6670,-2.5590,-0.3210,-0.7960,44482,36421,3,9
645928,9.4560,-4.3240,2.5340,-2.7260,-0.2860,-0.6780,44676,36510,4,16
645948,9.3050,-3.4420,2.0390,-2.6110,-0.1850,-0.6260,44919,36564,4,16
645968,7.8510,-2.6060,2.8290,-2.0080,0.0740,-0.8830,44908,36562,4,16
645988,8.0410,-3.1460,2.6300,-1.2620,0.3070,-0.7880,44933,36580,3,9
646008,8.2720,-5.0470,1.3410,-1.4660,0.3770,-0.7400,45030,36624,3,9
646028,9.5460,-4.5030,0.7170,-1.8710,0.4280,-0.9360,45111,36644,2,4
646048,9.7920,-4.8590,-0.1890,-2.0010,0.2890,-0.8290,45134,36640,4,16
646068,9.6150,-4.8450,0.1650,-1.8830,0.2680,-0.7620,45126,36614,3,9
646088,9.3530,-6.3340,0.8510,-1.8700,0.4420,-0.2120,45017,36535,6,36
646109,10.1480,-5.7070,-0.0630,-1.7080,0.5130,-0.0030,44897,36485,4,16
646129,10.2260,-6.5290,-0.2910,-1.5370,0.5220,-0.0580,44834,36453,5,25
646149,9.5010,-6.7650,1.0740,-1.4960,0.7100,-0.3650,44769,36413,3,9
646169,8.9970,-4.6120,1.3870,-1.8310,0.8110,-0.4540,44668,36355,3,9
646189,9.0180,-3.2860,-0.0790,-1.6840,0.7320,-0.2020,44490,36280,3,9
646209,8.5820,-5.4640,-2.0950,-1.7260,0.6000,0.3550,44338,36207,5,25
646229,8.4660,-5.8010,-2.8660,-1.4440,0.5220,0.6390,44197,36163,3,9
646249,10.0870,-4.7190,-1.9180,-1.1440,0.4720,0.5220,44136,36141,5,25
646269,9.3170,0.3030,0.2830,0.0570,0.4310,-0.0280,44071,36125,3,9
646289,9.1050,-5.5860,1.3520,0.6700,0.4880,0.1770,43950,36077,4,16
646310,9.2480,-6.0080,-1.0880,0.2260,0.3070,0.1640,43793,36015,4,16
646330,8.2560,-3.0610,-3.9740,0.3100,-0.0820,0.0550,43575,35891,2,4
646350,8.5210,-3.0680,-4.7540,1.1300,-0.2160,0.1550,43275,35744,4,16
646370,8.5990,-6.6810,-1.2150,1.6230,-0.1180,0.0790,43003,35567,5,25
646390,9.8270,-6.7730,3.3080,0.9960,0.0270,-0.2110,42766,35422,4,16
646410,10.5870,-3.9920,2.1660,0.2250,-0.0230,-0.3170,42623,35332,5,25
646430,10.7810,-3.2230,0.4980,0.1910,-0.2000,-0.1810,42468,35287,3,9
646450,11.1290,-3.7980,-0.4690,-0.1230,-0.2370,0.0360,42436,35260,4,16
646470,11.2250,-4.2530,0.6840,-0.7120,-0.2460,0.1630,42494,35308,4,16
646491,11.4970,-4.5980,0.7790,-0.9800,-0.2880,0.2080,42459,35299,3,9
646511,11.1490,-4.1650,-0.3450,-1.2500,-0.3810,0.2260,42401,35168,4,16
646531,11.0120,-4.4960,-1.1410,-1.3910,-0.4560,0.3140,42359,35017,4,16
646551,10.8180,-4.2210,-1.0930,-1.5330,-0.5990,0.4110,42309,34469,3,9
646571,10.2740,-4.6960,-0.2940,-1.5840,-0.7950,0.6050,42125,33636,4,16
646591,9.7770,-4.4230,-1.2110,-1.7590,-0.8950,0.6770,41780,33202,4,16
646611,9.7340,-4.3050,-1.1800,-1.8750,-0.9730,0.7880,41561,32786,3,9
646631,9.6230,-4.6480,-0.8240,-1.9480,-1.1860,0.9690,41132,32555,2,4
646651,9.2130,-4.8470,-1.6940,-1.9630,-1.3480,1.1170,41052,32713,3,9
646671,9.0350,-5.4290,-2.6300,-1.7350,-1.3560,1.2220,41575,33187,3,9
646692,8.8110,-5.6140,-2.1020,-1.6210,-1.3580,1.2300,41915,33468,5,25
646712,7.9820,-6.2810,-2.3020,-1.4620,-1.3790,1.2550,42211,33744,3,9
646732,7.2020,-5.8780,-2.6850,-1.2880,-1.2630,1.1580,42353,33942,3,9
646752,6.6400,-6.1140,-2.8920,-1.1290,-1.0930,1.1150,42475,34149,2,4
646772,6.0410,-6.2990,-3.3160,-0.9260,-0.9830,1.0110,42606,34301,3,9
646792,5.9660,-6.2930,-2.9560,-0.6570,-0.9240,0.9000,42632,34400,5,25
646812,5.5530,-6.5790,-3.1880,-0.5100,-0.8080,0.7880,42609,34487,3,9
646832,5.4320,-6.5100,-2.7250,-0.3960,-0.6540,0.6730,42611,34535,4,16
646852,5.1810,-6.1020,-2.7980,-0.2720,-0.5310,0.5670,42586,34551,4,16
646872,5.1580,-6.4140,-3.3150,-0.2050,-0.3980,0.4670,42558,34601,4,16
646893,5.2230,-6.4310,-3.1180,-0.1480,-0.3810,0.3920,42507,34625,4,16
646913,5.1080,-6.2380,-3.3380,-0.1230,-0.2780,0.3270,42480,34653,4,16
646933,5.0360,-6.1300,-3.4550,-0.1410,-0.1250,0.3290,42448,34683,5,25
646953,5.1380,-6.4400,-3.2410,-0.2220,-0.0140,0.3050,42469,34722,2,4
646973,5.4360,-6.0500,-3.4140,-0.2560,0.0540,0.2420,42477,34741,4,16
646993,5.2840,-6.0390,-4.3350,-0.3150,0.1570,0.2430,42465,34751,2,4
647013,5.4060,-6.3400,-4.7820,-0.3310,0.3040,0.1870,42461,34758,4,16
647033,5.5710,-6.4570,-5.1430,-0.3940,0.4430,0.1580,42439,34744,3,9
647053,5.7340,-6.0960,-5.7780,-0.5040,0.5530,0.0900,42422,34745,3,9
647074,5.9970,-6.2270,-5.4320,-0.5180,0.6230,0.0510,42423,34756,2,4
647095,5.7950,-5.8380,-5.3740,-0.5580,0.6820,0.0370,42421,34760,4,16
647115,5.5270,-5.3030,-5.9770,-0.7140,0.7060,0.0240,42416,34749,4,16
647135,5.6070,-5.6920,-5.9020,-0.8000,0.7240,0.0370,42415,34740,3,9
647155,5.4000,-5.9010,-6.0360,-0.8340,0.7750,0.0470,42441,34773,4,16
647175,5.0270,-5.1210,-6.6940,-0.9700,0.8140,0.0560,42523,34883,5,25
647195,5.0700,-5.2600,-6.7230,-1.0060,0.8650,0.0690,42626,34912,3,9
647215,5.4660,-5.1260,-6.7190,-1.0770,0.9670,0.0650,42628,34804,5,25
647235,5.3770,-5.0310,-6.5310,-1.2090,1.1420,0.0670,42263,35903,3,9
647256,5.2910,-4.6730,-7.6640,-1.2820,1.2080,0.0460,42028,39797,5,25
647276,5.7290,-4.8020,-8.0510,-1.3290,1.2330,0.0730,43204,43959,4,16
647296,5.9760,-4.7910,-7.4940,-1.3790,1.2730,0.1490,44420,46631,4,16
647316,5.8870,-4.8890,-7.2300,-1.4620,1.2750,0.1700,45242,48491,3,9
647336,6.0050,-4.6020,-6.6510,-1.5130,1.2650,0.1680,45644,49143,4,16
647356,5.9090,-4.0550,-7.1430,-1.5150,1.2250,0.1580,45742,49110,4,16
647376,6.1630,-4.5990,-7.6330,-1.5360,1.2160,0.1870,45760,49440,2,4
647396,6.2460,-4.3570,-8.0300,-1.5770,1.1750,0.1820,46111,50179,2,4
647416,6.3120,-4.4440,-7.3210,-1.5080,1.1340,0.1890,46440,50557,4,16
647436,6.2840,-4.0030,-7.3050,-1.3720,1.0580,0.1120,46617,50837,3,9
647457,6.5940,-4.2680,-6.9950,-1.3370,1.0410,0.0780,46657,50966,3,9
647477,6.7220,-3.9710,-6.7790,-1.3180,1.0220,0.0490,46722,51151,5,25
647497,6.7770,-3.7960,-6.9310,-1.2800,0.9650,0.0190,46836,51429,4,16
647517,7.1670,-3.7860,-6.6670,-1.2470,0.9420,0.0100,47013,51639,5,25
647537,7.2020,-3.6300,-6.4370,-1.2170,0.9570,0.0000,47160,51785,3,9
647557,7.0380,-3.3260,-6.5270,-1.1280,0.9340,-0.0210,47318,51915,5,25
647577,7.3690,-3.5780,-6.6190,-1.0010,0.9140,-0.0010,47465,51990,3,9
647597,7.6180,-3.6430,-6.3570,-0.9390,0.9030,0.0110,47549,52027,3,9
647617,7.6520,-3.3810,-6.1270,-0.8180,0.9480,0.0070,47676,52039,4,16
647639,7.6950,-3.3970,-5.5230,-0.7310,1.0630,-0.0120,47746,52021,4,16
647659,7.6970,-3.5210,-6.4200,-0.6850,1.1510,-0.0330,47777,52012,3,9
647679,8.4050,-3.7590,-6.1600,-0.5710,1.1480,-0.0380,47800,51984,3,9
647699,8.7660,-3.4520,-5.6470,-0.5290,1.1500,-0.0670,47811,51937,3,9
647719,8.9650,-3.3350,-5.4880,-0.4800,1.1150,-0.0780,47825,51871,3,9
647739,9.2840,-3.2000,-5.3650,-0.4120,1.0630,-0.0980,47832,51806,3,9
647759,9.7010,-3.4780,-5.3390,-0.3850,0.9880,-0.0930,47873,51801,4,16
647779,10.0110,-3.1870,-5.1820,-0.3780,0.8530,-0.0740,47952,51849,4,16
647799,9.7530,-2.9990,-4.8430,-0.3680,0.6820,-0.0410,48030,51837,3,9
647820,9.5160,-2.9590,-4.6240,-0.3650,0.6400,-0.0050,48072,51824,4,16
647840,9.4610,-2.9700,-4.6230,-0.3390,0.5840,-0.0120,48124,51862,4,16
647860,9.5310,-3.1100,-4.7410,-0.3200,0.4920,-0.0030,48183,51861,4,16
647880,9.3820,-2.8900,-4.6320,-0.3060,0.4000,0.0070,48243,51876,5,25
647900,9.2020,-2.6990,-4.2900,-0.2980,0.3540,0.0300,48309,51902,3,9
647920,9.2120,-2.6930,-4.3020,-0.2730,0.3220,0.0120,48358,51918,4,16
647940,9.3530,-2.8650,-4.4210,-0.2870,0.2680,0.0260,48409,51936,2,4
647960,9.4520,-2.9660,-4.5750,-0.2670,0.1510,0.0520,48462,51966,3,9
647980,9.5190,-2.8300,-4.4510,-0.2880,0.0510,0.0840,48503,51970,4,16
648000,9.4510,-2.8570,-4.1790,-0.3150,-0.0460,0.1400,48514,51958,4,16
648021,9.4850,-3.0300,-4.0580,-0.2960,-0.1370,0.1400,48504,51955,6,36
648041,9.6750,-3.0850,-4.4350,-0.2400,-0.2540,0.1390,48468,51930,3,9
648061,9.7200,-3.3880,-4.7090,-0.2150,-0.3560,0.2010,48398,51917,4,16
648081,9.8050,-3.2690,-4.7320,-0.2060,-0.4560,0.2530,48316,51895,5,25
648101,9.7100,-3.5170,-4.9980,-0.1480,-0.5510,0.2760,48223,51886,4,16
648121,9.4500,-3.8040,-5.1440,-0.1420,-0.6260,0.3160,48169,51884,4,16
648141,9.0840,-3.9030,-5.1430,-0.1360,-0.7070,0.3790,48151,51895,3,9
648161,8.8030,-4.1540,-5.4190,-0.1220,-0.8150,0.4360,48123,51904,3,9
648181,8.6410,-4.4830,-5.3920,-0.1900,-0.9210,0.5450,48139,51938,5,25
648202,8.4160,-4.3500,-5.6160,-0.2310,-0.9950,0.6160,48131,51969,4,16
648222,8.3270,-4.5410,-5.8190,-0.2570,-1.0330,0.6610,48111,51978,4,16
648242,8.4410,-4.8770,-6.0600,-0.2720,-1.0990,0.7150,48041,51989,5,25
648262,8.2290,-4.7320,-6.2810,-0.2920,-1.1700,0.7490,47962,51981,3,9
648282,8.1880,-4.7860,-6.5350,-0.3260,-1.2140,0.8070,47827,51910,4,16
648302,8.1940,-4.9440,-6.5640,-0.3480,-1.2840,0.8540,47648,51854,3,9
648322,8.0010,-4.9450,-6.6940,-0.3410,-1.3730,0.8790,47513,51807,4,16
648342,7.9340,-4.9310,-6.8340,-0.3820,-1.4220,0.9260,47357,51693,5,25
648362,7.9120,-5.1430,-6.9370,-0.3790,-1.5270,0.9550,47087,51551,3,9
648382,7.5980,-5.2030,-7.1260,-0.3710,-1.6200,1.0090,46814,51407,3,9
648403,7.1250,-4.9720,-7.1480,-0.3550,-1.6690,1.0250,46646,51313,5,25
648423,6.7480,-5.0830,-7.6300,-0.2950,-1.7070,1.0020,46501,51224,4,16
648443,6.5220,-5.2720,-7.9380,-0.2990,-1.7610,1.0110,46397,51155,4,16
648463,6.3120,-5.1540,-7.6930,-0.2780,-1.8210,1.0170,46284,51113,3,9
648483,5.8850,-4.6580,-7.5290,-0.2230,-1.8370,1.0010,46186,51071,3,9
648503,5.5320,-4.9330,-7.9740,-0.2070,-1.8000,1.0120,46107,50994,4,16
648523,5.4500,-5.0910,-8.1280,-0.1530,-1.8310,0.9790,45999,50935,4,16
648543,5.1580,-5.1010,-8.2200,-0.0940,-1.8620,0.9600,45949,50909,3,9
648563,4.9110,-5.1260,-8.2780,-0.1020,-1.8480,0.9800,45878,50855,3,9
648583,4.8420,-5.2120,-8.4910,-0.0820,-1.8880,0.9810,45774,50788,2,4
648604,4.3990,-4.9430,-8.7220,-0.0610,-1.9040,0.9770,45733,50776,3,9
648624,4.0560,-4.9980,-8.6110,-0.0710,-1.9250,0.9650,45668,50678,5,25
648644,3.7190,-5.3430,-9.1370,-0.0670,-1.9650,0.9650,45568,50583,3,9
648664,3.2810,-5.3760,-9.3410,-0.1160,-1.9940,0.9620,45502,50510,4,16
648684,2.5520,-4.9900,-8.9090,-0.1120,-2.0350,0.9310,45396,50370,2,4
648704,1.9740,-4.8580,-8.3700,-0.1100,-2.0490,0.8910,45270,50177,4,16
648724,1.2050,-4.9850,-8.8990,-0.1380,-2.0320,0.8710,45151,50031,2,4
648744,0.7490,-4.7480,-8.2340,-0.1350,-2.0170,0.8480,45024,49828,3,9
648764,0.0340,-4.0590,-6.8880,-0.0270,-1.9560,0.7210,44932,49621,2,4
648784,-1.0430,-4.4350,-7.5300,0.0770,-1.8070,0.4930,44719,49251,4,16
648805,-1.2010,-4.9560,-7.7730,0.1590,-1.7420,0.3980,44598,49059,4,16
648825,-1.1730,-5.1090,-7.5990,0.1630,-1.5970,0.3600,44477,48888,3,9
648845,-1.0410,-4.7740,-7.4840,0.0680,-1.4100,0.3370,44378,48748,5,25
648865,-1.0930,-4.5740,-7.7560,0.1000,-1.3450,0.3160,44175,48546,2,4
648885,-1.2630,-4.3810,-7.6590,0.1810,-1.3380,0.2890,43980,48310,2,4
648905,-1.7350,-4.8050,-8.3550,0.1730,-1.3010,0.3110,43777,48018,4,16
648925,-2.1660,-5.0920,-9.0210,0.1940,-1.2910,0.3490,43512,47712,3,9
648945,-2.4760,-5.3580,-9.1960,0.1330,-1.2890,0.4180,43262,47393,4,16
648965,-3.0310,-4.9340,-8.0190,0.0670,-1.3540,0.5570,42818,46815,4,16
648986,-3.5550,-5.1080,-8.0470,0.0470,-1.4010,0.6050,42543,46483,3,9
649006,-4.0250,-5.2790,-7.8190,-0.0030,-1.4640,0.6070,42264,46058,4,16
649026,-4.4860,-5.4670,-7.5990,-0.0230,-1.5200,0.6390,42074,45694,5,25
649046,-5.0230,-5.3160,-7.1980,-0.1280,-1.5230,0.6800,41902,45449,3,9
649066,-5.1070,-5.0220,-6.3770,-0.2000,-1.5200,0.7210,41767,45202,5,25
649086,-5.4790,-4.9420,-6.6020,-0.2170,-1.5250,0.7410,41598,45056,3,9
649106,-5.4070,-4.5910,-6.3000,-0.2430,-1.5280,0.7270,41447,44916,3,9
649126,-5.3810,-4.4890,-5.9240,-0.2570,-1.4970,0.7210,41366,44848,4,16
649146,-5.5770,-4.0510,-5.7380,-0.2760,-1.4720,0.6700,41265,44774,4,16
649166,-5.7560,-3.8640,-5.5490,-0.2590,-1.4030,0.5530,41147,44722,3,9
649187,-5.8260,-3.8870,-5.1670,-0.2220,-1.2940,0.5120,41060,44645,3,9
649207,-6.0090,-3.8500,-5.0510,-0.1710,-1.1790,0.4790,41034,44721,3,9
649227,-6.0780,-3.5830,-4.4680,-0.1680,-1.0020,0.4330,41108,44956,4,16
649247,-6.1500,-3.4250,-4.0950,-0.1470,-0.8390,0.3820,41374,45478,4,16
649267,-6.2680,-3.5450,-3.8980,-0.1240,-0.6880,0.3080,41855,46307,3,9
649287,-5.9640,-3.2670,-3.0790,-0.0710,-0.4770,0.2270,42599,47251,5,25
649307,-6.2240,-2.9190,-2.7190,0.0040,-0.1550,0.1530,43371,48069,4,16
649327,-6.5250,-2.9250,-3.4010,0.0420,0.1420,0.0160,44046,48808,4,16
649347,-6.1480,-3.2080,-3.5530,0.0690,0.4730,-0.0590,44549,49274,3,9
649367,-5.6930,-3.4420,-3.1580,0.0270,0.9790,-0.2050,44908,49557,2,4
649388,-5.7680,-3.2720,-4.0160,-0.0190,1.2280,-0.2880,45061,49714,3,9
649408,-5.7680,-3.3780,-5.0530,-0.0260,1.4490,-0.3830,45245,49880,5,25
649428,-5.1990,-3.1780,-3.6930,-0.1950,1.7490,-0.4680,45315,49716,3,9
649448,-5.3450,-3.5880,-3.6340,-0.1590,2.0610,-0.4860,45047,49436,5,25
649468,-4.4620,-3.1620,-3.7530,-0.1730,2.4790,-0.5340,44679,49103,5,25
649488,-4.5920,-2.8810,-4.4270,-0.2170,2.6590,-0.6060,44505,49223,3,9
649508,-3.9590,-3.0780,-5.0600,-0.1510,2.6660,-0.6120,44784,48523,3,9
649528,-3.4510,-4.3560,-6.0210,-0.1830,2.7480,-0.6370,43898,47854,4,16
649548,-2.7110,-4.0270,-5.8900,-0.6410,2.9070,-0.6560,43618,48169,2,4
649569,-2.7210,-3.1930,-7.9800,-1.2510,2.8540,-0.6730,43994,48872,4,16
649589,-2.2730,-3.2150,-6.0680,-0.3450,2.9040,-0.7740,45217,50043,4,16
649609,-1.5320,-3.5580,-9.3940,0.0300,2.8380,-0.7740,45574,49847,3,9
649629,-0.8910,-3.8180,-8.3370,0.0760,2.7680,-0.7490,44983,48872,4,16
649649,-0.0890,-4.6170,-9.8930,-0.0600,2.7110,-0.7540,44358,48093,4,16
649669,1.1110,-5.1970,-8.4010,-0.0520,2.5280,-0.9230,44458,47934,2,4
649689,2.2360,-4.3740,-8.7260,-0.0480,2.3760,-0.9220,45046,48833,2,4
649709,2.6460,-4.6020,-9.4320,0.1120,2.4860,-1.1140,45453,49191,3,9
649729,2.9740,-4.7920,-10.1590,0.0600,2.6750,-1.2290,45422,48608,3,9
649749,3.7450,-4.3540,-10.5840,-0.0440,2.6290,-1.1550,43713,45729,4,16
649770,4.1850,-3.8570,-11.0590,-0.0720,2.5100,-1.0290,43023,44748,4,16
649790,4.1920,-4.2680,-10.4810,-0.1120,2.4150,-0.8440,42278,43788,4,16
649810,4.1740,-3.9470,-10.7790,-0.0090,2.2880,-0.8070,41679,43309,3,9
649830,4.3970,-4.3200,-9.7760,0.1240,2.1740,-0.7520,41328,43028,4,16
649850,4.9810,-4.5370,-9.1250,0.2100,2.1860,-0.7150,41047,42718,4,16
649870,5.3200,-4.8760,-9.3400,0.1530,2.2340,-0.6240,40905,42580,4,16
649890,5.6750,-5.3030,-9.3920,0.2470,2.1580,-0.5730,40823,42520,4,16
649910,6.2170,-5.2760,-8.5900,0.2710,2.0760,-0.6010,40597,42340,4,16
649930,6.2920,-5.1550,-8.5470,0.2490,2.0610,-0.6220,40506,42373,4,16
649950,7.0110,-5.3790,-8.3270,0.3170,1.9660,-0.5950,40760,42764,5,25
649971,7.3530,-5.4230,-8.1150,0.3430,1.8990,-0.6280,40977,43000,4,16
649991,7.5530,-5.3590,-8.0220,0.3200,1.8340,-0.6320,41174,43230,2,4
650011,7.6610,-4.9820,-7.8970,0.3390,1.7240,-0.6320,41363,43513,4,16
650031,8.0850,-5.1970,-7.6280,0.2950,1.6360,-0.5720,41662,43932,4,16
650051,8.0830,-4.8260,-7.3300,0.2290,1.5640,-0.5160,42100,44425,3,9
650071,8.0720,-4.7070,-6.9260,0.1690,1.4790,-0.4680,42543,44863,2,4
650091,8.2860,-4.8630,-6.9730,0.1050,1.3900,-0.3910,42883,45115,4,16
650111,8.2470,-4.6930,-6.7370,0.0460,1.2860,-0.3570,43024,45364,3,9
650131,8.0300,-4.5530,-6.2010,0.0070,1.1910,-0.3420,43527,45965,5,25
650152,7.9850,-4.5930,-6.4890,-0.0470,1.1930,-0.3390,43930,46363,2,4
650172,8.0010,-4.5110,-6.5770,-0.1170,1.1470,-0.3040,44254,46687,5,25
650192,8.0310,-4.4320,-6.4140,-0.1580,1.0630,-0.2850,44475,46951,2,4
650212,8.5070,-4.1320,-5.8590,-0.2990,0.9950,-0.2120,44672,47028,2,4
650232,8.8810,-3.9760,-6.1550,-0.3190,0.8100,-0.1800,44588,46925,4,16
650252,9.3010,-3.8650,-6.1230,-0.3180,0.6070,-0.0830,44438,46756,2,4
650272,9.2310,-4.0380,-6.4140,-0.3610,0.4350,0.0010,44219,46553,3,9
650292,9.0670,-4.1250,-6.8270,-0.3990,0.2730,0.0480,44019,46381,3,9
650312,8.7840,-4.3390,-7.0450,-0.4070,0.0650,0.1180,43879,46294,5,25
650332,8.2520,-4.3910,-7.4150,-0.5270,-0.1690,0.1970,43640,46085,2,4
650353,8.1130,-4.4510,-7.3480,-0.4840,-0.3510,0.2430,43494,45948,4,16
650373,8.0730,-4.8020,-7.5860,-0.4910,-0.5280,0.3070,43344,45801,3,9
650393,8.0740,-4.6500,-7.4930,-0.5290,-0.7360,0.3960,43152,45649,4,16
650413,7.9890,-4.7320,-7.7320,-0.4830,-0.8960,0.4670,42981,45462,5,25
650433,8.0830,-5.0490,-7.9070,-0.4510,-1.0720,0.5360,42785,45254,2,4
650453,8.0610,-5.1220,-7.9150,-0.4290,-1.2290,0.5920,42582,45047,6,36
650473,7.8190,-4.9300,-7.8900,-0.3790,-1.3810,0.6370,42373,44860,4,16
650493,7.6160,-5.1930,-8.0710,-0.3260,-1.4970,0.6920,42218,44711,2,4
650513,7.5130,-5.4480,-8.5080,-0.3110,-1.6490,0.7600,42147,44634,5,25
650533,7.8100,-5.4370,-8.4220,-0.2470,-1.9070,0.8870,41949,44420,6,36
650554,7.6030,-5.2700,-8.0420,-0.1920,-2.0520,0.9410,41826,44282,4,16
650574,7.3120,-5.4640,-8.4050,-0.1100,-2.1730,0.9830,41715,44199,4,16
650594,7.1290,-5.6440,-8.9630,-0.0580,-2.2480,1.0510,41655,44165,6,36
650614,6.8090,-5.7160,-9.2080,-0.0570,-2.3220,1.1120,41611,44137,3,9
650634,6.3710,-5.5680,-8.7830,-0.0790,-2.3830,1.1680,41604,44138,3,9
650654,5.9230,-5.4190,-8.6620,-0.0490,-2.4240,1.1920,41635,44183,2,4
650674,5.5150,-5.6260,-8.7580,-0.0580,-2.4250,1.2190,41659,44216,5,25
650694,5.1940,-5.5710,-9.0640,-0.1230,-2.4520,1.2550,41711,44300,4,16
650714,4.7940,-5.6670,-9.4680,-0.1670,-2.5070,1.3100,41841,44507,2,4
650734,4.2160,-4.8990,-8.7020,-0.2170,-2.5290,1.3220,42148,44847,4,16
650755,3.6980,-4.6280,-8.7350,-0.1600,-2.5030,1.2960,42255,44926,3,9
650775,3.3320,-5.0090,-9.3040,-0.1070,-2.5100,1.2700,42291,44939,1,1
650795,2.9690,-4.9990,-9.1950,-0.1310,-2.5230,1.2500,42289,44955,2,4
650815,2.3380,-4.6120,-8.7680,-0.1090,-2.5040,1.2690,42302,44936,4,16
650835,1.7140,-4.7500,-8.4590,-0.1230,-2.4510,1.2620,42261,44850,4,16
650855,1.2680,-4.7310,-8.1220,-0.1150,-2.4210,1.2270,42190,44825,2,4
650875,0.6280,-4.5970,-8.3640,-0.1610,-2.3800,1.1840,42193,44848,5,25
650895,0.1350,-4.5050,-8.0670,-0.1250,-2.3260,1.1490,42188,44824,5,25
650915,-0.8260,-4.6690,-8.4310,-0.1090,-2.2420,1.0400,42212,44874,4,16
650936,-1.0730,-4.4460,-8.1200,-0.2050,-2.2210,0.9690,42248,44916,4,16
650956,-1.4130,-4.6790,-8.1340,-0.2640,-2.2240,0.9160,42327,45056,6,36
650976,-1.8270,-4.2540,-7.7050,-0.4360,-2.1540,0.9210,42441,45238,0,0
650996,-2.5380,-3.8060,-7.2720,-0.5310,-2.0990,0.9230,42566,45480,3,9
651016,-3.4620,-3.2850,-6.8510,-0.5140,-2.0600,0.8750,42737,45786,4,16
651036,-4.2530,-3.7730,-7.2510,-0.4710,-2.0210,0.8260,42945,46124,3,9
651056,-4.5610,-3.8040,-7.3380,-0.5960,-1.9810,0.7770,43122,46405,6,36
651076,-4.8640,-3.4540,-6.7380,-0.7080,-1.9400,0.7300,43292,46685,5,25
651096,-5.0480,-3.0710,-5.5470,-0.7130,-1.8860,0.7080,43429,46893,6,36
651116,-5.7830,-2.5920,-4.9420,-0.6750,-1.7560,0.6700,43423,46987,5,25
651137,-6.1290,-2.9130,-5.0570,-0.6310,-1.6460,0.6830,43429,47051,7,49
651157,-6.3730,-2.8140,-5.2430,-0.6340,-1.5180,0.6260,43391,47026,4,16
651177,-6.5960,-2.5460,-5.1910,-0.5910,-1.3960,0.5680,43301,46943,3,9
651197,-6.5970,-2.4120,-4.7810,-0.5290,-1.2790,0.4790,43250,46927,1,1
651217,-6.6140,-2.3270,-4.5440,-0.4990,-1.1640,0.4040,43280,46990,3,9
651237,-6.7120,-2.0340,-4.0800,-0.3990,-1.0360,0.3500,43217,46929,1,1
651257,-6.8640,-1.8390,-3.9300,-0.2950,-0.8800,0.3090,43144,46903,4,16
651277,-6.9770,-1.7270,-3.9320,-0.1930,-0.7380,0.2410,43151,47008,1,1
651297,-6.8960,-2.1000,-4.0350,-0.1300,-0.5860,0.1750,43292,47186,4,16
651317,-7.0980,-1.8230,-3.9150,0.0630,-0.4090,0.0520,43522,47435,6,36
651338,-7.0840,-1.8900,-3.7390,0.1370,-0.2590,-0.0510,43701,47633,2,4
651358,-7.0110,-1.9720,-3.4460,0.2090,-0.0890,-0.1430,43915,47865,4,16
651378,-7.0020,-1.7850,-3.1020,0.2830,0.0950,-0.2310,44100,48067,1,1
651398,-6.9730,-1.9200,-3.1690,0.3490,0.3060,-0.3280,44325,48299,1,1
651418,-6.9430,-2.2370,-3.6370,0.4100,0.4830,-0.4320,44585,48633,4,16
651438,-6.9780,-2.3210,-3.8100,0.4360,0.6790,-0.5270,44929,49027,6,36
651458,-6.8380,-2.3550,-3.5830,0.4240,0.9180,-0.5760,45314,49400,4,16
651478,-6.9800,-2.3320,-3.8850,0.3920,1.1320,-0.6130,45544,49589,4,16
651498,-6.4460,-2.6060,-4.1720,0.3330,1.3710,-0.7260,45702,49703,6,36
651519,-6.0210,-2.9320,-4.6120,0.2810,1.4970,-0.7670,45787,49701,1,1
651539,-5.9150,-2.9170,-4.9730,0.2430,1.6350,-0.7950,45687,49564,5,25
651559,-5.4040,-3.0980,-4.8480,0.2340,1.7470,-0.8400,45596,49418,8,64
651579,-5.0880,-3.5490,-5.7190,0.1510,1.8640,-0.8770,45483,49249,2,4
651599,-4.6690,-3.4750,-5.6910,0.1270,1.9820,-0.8990,45245,48918,2,4
651619,-4.5870,-3.3660,-5.9210,0.1430,2.0880,-0.9630,44996,48600,4,16
651639,-4.0570,-3.9170,-6.1500,0.0960,2.1750,-1.0260,44820,48271,6,36
651659,-3.6940,-4.2310,-7.0220,0.0550,2.2550,-1.0610,44542,47962,2,4
651679,-3.1180,-3.8520,-6.8750,0.0740,2.3420,-1.1100,44238,47536,5,25
651699,-2.5560,-4.3670,-7.4020,0.0900,2.4380,-1.1580,43893,47135,2,4
651720,-1.8590,-4.1870,-7.3530,0.1400,2.4610,-1.2290,43757,46968,3,9
651740,-1.0350,-4.5630,-7.5200,0.2070,2.5010,-1.3190,43721,46814,3,9
651760,-0.6390,-5.1790,-9.5220,0.3450,2.4820,-1.3570,43677,46767,3,9
651780,0.2960,-5.4360,-9.5210,0.4300,2.4700,-1.3200,43643,46782,4,16
651800,0.9710,-4.9730,-8.2670,0.3690,2.5080,-1.3070,43676,46731,6,36
651820,1.2110,-4.6460,-7.4540,0.4380,2.4800,-1.3610,43733,46774,4,16
651840,1.0680,-5.6220,-8.6960,0.5630,2.4240,-1.4390,43803,46888,2,4
651860,2.2720,-6.3950,-8.9210,0.4150,2.4050,-1.3900,43862,46946,7,49
651880,2.4660,-6.0900,-8.9500,0.2750,2.3920,-1.3050,43874,47001,6,36
651900,2.7800,-6.1450,-8.3830,0.3450,2.3580,-1.3260,44000,47236,3,9
651921,3.5480,-6.3990,-8.2590,0.3440,2.3300,-1.3330,44089,47317,0,0
651941,4.2290,-6.1650,-8.3920,0.2400,2.2900,-1.3180,44070,47286,3,9
651961,4.3810,-6.3650,-8.3630,0.2060,2.2390,-1.2850,44072,47305,3,9
651981,4.5690,-6.5330,-8.0710,0.1690,2.2530,-1.2980,44087,47344,5,25
652001,5.1950,-6.4500,-7.9980,0.0630,2.2440,-1.2890,44113,47381,6,36
652021,5.6990,-6.0690,-8.7960,0.0080,2.1870,-1.2000,44145,47460,3,9
652041,6.1280,-6.3670,-8.5650,-0.0590,2.1400,-1.1340,44240,47610,6,36
652061,6.6360,-6.1270,-7.7720,-0.0720,2.0750,-1.0980,44412,47799,4,16
652081,6.8150,-5.3450,-7.9360,-0.1360,2.0040,-1.0730,44538,47831,5,25
652102,7.4040,-5.8360,-7.9690,-0.1800,1.8830,-0.9990,44505,47793,-2,4
652123,7.4530,-6.1110,-8.0900,-0.2160,1.7660,-0.8950,44627,48056,5,25
652143,7.4290,-4.9900,-7.3060,-0.2480,1.7120,-0.8550,44818,48281,3,9
652163,7.3930,-4.8340,-6.9280,-0.1870,1.6720,-0.8290,45018,48431,3,9
652183,7.3790,-4.8820,-7.0610,-0.1580,1.6370,-0.8220,45141,48576,6,36
652203,7.7560,-4.9840,-7.1250,-0.1690,1.6170,-0.7630,45249,48695,3,9
652223,8.4290,-4.6150,-5.7260,-0.1770,1.5720,-0.7070,45370,48817,3,9
652243,8.3930,-4.5570,-5.5070,-0.1170,1.5590,-0.6540,45541,48995,4,16
652263,8.8720,-4.4780,-5.6060,-0.0710,1.4650,-0.6020,45745,49179,3,9
652284,9.5330,-4.7740,-5.4550,-0.0720,1.3470,-0.5300,45859,49345,8,64
652304,9.4950,-4.7970,-5.0800,-0.0710,1.2330,-0.4700,46135,49671,4,16
652324,9.1840,-4.5670,-5.0920,-0.0840,1.1450,-0.4400,46452,50032,5,25
652344,9.0580,-4.3480,-4.7800,-0.1070,1.1010,-0.4130,46748,50343,6,36
652364,9.0760,-4.5960,-4.9420,-0.0840,1.0300,-0.3920,46973,50614,2,4
652384,9.1170,-4.2690,-4.6280,-0.0960,0.9200,-0.3700,47181,50876,1,1
652404,9.0110,-4.1990,-4.7030,-0.0840,0.7950,-0.3140,47409,51169,6,36
652424,9.0490,-3.8320,-4.5690,-0.0910,0.6910,-0.2640,47594,51453,2,4
652444,9.2190,-3.7890,-4.6510,-0.0700,0.6410,-0.2140,47768,51569,9,81
652464,9.3760,-3.7530,-5.1370,-0.0470,0.4670,-0.1620,47757,51575,6,36
652485,9.4460,-3.8010,-5.0330,-0.0580,0.3070,-0.0990,47758,51582,1,1
652505,9.2940,-3.6340,-4.9380,-0.0780,0.1650,-0.0360,47752,51598,5,25
652525,9.1810,-3.6130,-4.9800,-0.0930,0.0630,0.0060,47697,51554,1,1
652545,9.2010,-3.8100,-5.1500,-0.0970,-0.0740,0.0660,47637,51540,2,4
652565,9.2030,-3.8260,-5.2470,-0.0870,-0.2330,0.1050,47629,51588,4,16
652585,9.1200,-3.9890,-5.2890,-0.0930,-0.3580,0.1370,47661,51638,2,4
652605,9.1490,-3.9970,-5.2980,-0.1170,-0.4810,0.1670,47654,51684,0,0
652625,9.2520,-4.1320,-5.2190,-0.1620,-0.5700,0.2160,47661,51666,8,64
652645,9.2390,-4.0640,-5.4280,-0.2160,-0.7400,0.2960,47577,51623,3,9
652666,9.2920,-4.0860,-5.5330,-0.2400,-0.8830,0.3490,47566,51608,4,16
652686,9.2970,-4.4210,-5.6690,-0.2350,-1.0470,0.4070,47539,51609,1,1
652706,9.2510,-4.3920,-5.5190,-0.2370,-1.1870,0.4510,47524,51633,0,0
652726,9.1960,-4.7320,-6.0790,-0.2600,-1.2680,0.4970,47450,51510,4,16
652746,9.3530,-4.6380,-6.2540,-0.3020,-1.3400,0.5950,47066,51072,7,49
652766,9.2580,-4.5180,-6.0650,-0.3730,-1.4320,0.6860,46468,50444,4,16
652786,8.8390,-4.8310,-5.8990,-0.3090,-1.5420,0.7260,45758,49802,7,49
652806,8.2110,-4.9450,-6.5530,-0.2980,-1.6440,0.7340,45179,49334,2,4
652826,7.8150,-4.9430,-7.1730,-0.3030,-1.7510,0.7680,44873,49062,5,25
652846,7.7000,-4.9740,-6.9870,-0.3160,-1.8720,0.8620,44568,48795,2,4
652867,7.6550,-5.0280,-6.6740,-0.3400,-1.9680,0.9160,44404,48566,4,16
652887,7.4390,-4.7210,-6.7730,-0.2850,-2.0620,0.9410,44212,48375,5,25
652907,7.2650,-4.9200,-7.0980,-0.2530,-2.1080,0.9850,44089,48232,1,1
652927,7.0950,-5.2000,-7.4810,-0.2750,-2.1180,1.0100,44009,48134,5,25
652947,6.6810,-5.0670,-7.7370,-0.2530,-2.1470,1.0220,43932,48004,3,9
652967,6.1420,-5.1950,-8.1690,-0.2200,-2.1710,1.0230,43881,47964,2,4
652987,5.8590,-5.2580,-7.8830,-0.2380,-2.1640,1.0110,43889,47930,4,16
653007,5.3910,-5.0920,-8.1630,-0.2050,-2.1590,1.0370,43818,47787,4,16
653027,5.1970,-5.3130,-8.3330,-0.2100,-2.1460,1.0350,43726,47669,2,4
653047,4.7320,-5.1920,-8.2740,-0.1960,-2.0900,1.0610,43714,47695,2,4
653068,4.0850,-5.1130,-8.4950,-0.1850,-2.0400,1.0680,43655,47570,4,16
653088,3.8850,-5.2760,-8.2310,-0.2070,-2.0090,1.0730,43541,47391,8,64
653108,3.2840,-5.2110,-8.4480,-0.1880,-2.0170,1.0360,43482,47330,2,4
653128,2.7750,-5.2410,-8.9510,-0.1540,-2.0200,1.0110,43478,47275,4,16
653148,2.4780,-5.4170,-9.0260,-0.1450,-2.0070,1.0070,43490,47270,4,16
653168,1.9350,-5.1750,-8.9120,-0.1560,-1.9970,0.9530,43552,47345,4,16
653188,1.5050,-4.8600,-8.6800,-0.1480,-1.9700,0.9300,43592,47326,0,0
653208,1.0030,-4.5910,-8.4380,-0.0600,-1.9470,0.8990,43544,47264,4,16
653228,0.3440,-4.7450,-8.5470,0.0050,-1.9260,0.8610,43580,47352,0,0
653248,-0.3880,-4.7010,-8.1770,0.0270,-1.8100,0.8330,43747,47480,6,36
653269,-0.7590,-4.8530,-8.8290,0.0590,-1.7450,0.8170,43778,47457,2,4
653289,-0.6720,-4.9070,-8.2530,0.0140,-1.7060,0.8090,43810,47483,7,49
653309,-1.0080,-4.6400,-8.0610,0.0150,-1.6820,0.7700,43863,47466,3,9
653329,-1.4860,-4.5510,-8.1030,0.0600,-1.6630,0.7410,43800,47367,3,9
653349,-1.9140,-4.5020,-8.0590,0.1150,-1.6360,0.6970,43799,47377,8,64
653369,-2.1810,-4.8260,-7.8000,0.1050,-1.5950,0.6900,43909,47420,8,64
653389,-2.7350,-4.8460,-8.1180,0.0540,-1.5330,0.6910,43916,47365,3,9
653409,-3.1280,-4.8580,-7.9130,0.0470,-1.5010,0.6960,43879,47349,4,16
653429,-3.1680,-4.6880,-7.1990,-0.0120,-1.4160,0.6820,43804,47089,3,9
653450,-3.5870,-4.5630,-7.6200,0.0330,-1.4000,0.6670,43575,46806,7,49
653470,-3.8650,-4.6160,-7.5910,0.0160,-1.3950,0.6810,43400,46614,8,64
653490,-3.9860,-4.4450,-6.7500,-0.0340,-1.3720,0.6890,43317,46397,3,9
653510,-4.4600,-4.2520,-6.4890,-0.0310,-1.3100,0.7050,43118,46048,3,9
653530,-5.0800,-4.1080,-6.4660,-0.0170,-1.2970,0.6490,42791,45635,4,16
653550,-5.3460,-4.1680,-6.6440,-0.0400,-1.2200,0.6010,42383,45048,5,25
653570,-5.5100,-4.2370,-6.8230,-0.0700,-1.1870,0.5880,41940,44485,7,49
653590,-5.3190,-3.8390,-5.8190,-0.0300,-1.2000,0.5590,41520,44058,2,4
653610,-5.6530,-3.5910,-5.9660,0.0310,-1.1080,0.5380,41235,43760,6,36
653630,-5.7020,-3.7460,-5.7900,0.1120,-1.0600,0.4460,40925,43503,7,49
653651,-5.8990,-3.9740,-5.6540,0.1590,-0.9870,0.4320,40847,43392,6,36
653671,-6.2490,-3.5670,-5.6520,0.1790,-0.9430,0.3870,40686,43258,4,16
653691,-6.3390,-3.7660,-5.6430,0.1840,-0.8880,0.3570,40655,43271,4,16
653711,-6.1320,-4.0160,-5.0850,0.1780,-0.8180,0.3230,40782,43393,1,1
653731,-6.3950,-3.5390,-4.6890,0.1810,-0.6990,0.2780,40827,43393,1,1
653751,-6.4600,-3.4580,-4.5690,0.2310,-0.6160,0.2290,40783,43328,4,16
653771,-6.6940,-3.8240,-4.9130,0.2370,-0.6340,0.2140,40828,43413,4,16
653791,-6.8570,-3.7250,-4.4860,0.2110,-0.6410,0.1930,40848,43413,2,4
653811,-7.1400,-3.6100,-4.6510,0.1990,-0.5530,0.1950,40901,43470,3,9
653831,-7.1290,-3.9720,-4.4660,0.1830,-0.4420,0.1600,41015,43637,7,49
653852,-7.3720,-3.7820,-4.4020,0.1660,-0.4000,0.1380,41120,43795,3,9
653872,-7.1890,-3.7240,-3.8550,0.1040,-0.3470,0.1040,41233,43904,7,49
653892,-7.3320,-3.8510,-4.0790,0.0900,-0.2840,0.0750,41325,43986,4,16
653912,-7.3020,-3.9940,-4.1130,0.0680,-0.2610,0.0470,41371,44069,1,1
653932,-7.4810,-4.0810,-4.1490,0.0120,-0.1820,0.0380,41517,44264,7,49
653952,-7.4600,-3.9150,-4.0830,-0.0480,-0.1170,0.0110,41737,44577,3,9
653972,-7.1050,-3.8740,-3.6860,-0.0990,-0.0430,0.0010,42026,44819,1,1
653992,-7.1500,-3.6870,-3.6880,-0.1170,0.0470,-0.0180,42147,44914,5,25
654012,-7.0880,-3.6600,-3.7350,-0.1320,0.1760,-0.1160,42289,45138,5,25
654033,-6.7380,-3.5360,-3.3890,-0.1390,0.2810,-0.1660,42441,45288,5,25
654053,-6.9200,-3.1910,-3.4790,-0.1570,0.4060,-0.2370,42567,45472,3,9
654073,-6.8650,-3.4020,-3.6570,-0.1420,0.5250,-0.3260,42726,45656,7,49
654093,-6.5120,-3.9030,-3.9460,-0.1510,0.6360,-0.3960,42914,45901,6,36
654113,-6.4670,-3.6190,-3.8500,-0.2050,0.7520,-0.4740,43119,46135,3,9
654133,-6.4830,-3.4560,-3.7010,-0.2450,0.9470,-0.5530,43305,46287,7,49
654153,-6.2020,-3.4790,-3.7370,-0.1980,1.0780,-0.6230,43441,46467,8,64
654173,-5.8560,-3.8880,-4.0900,-0.2200,1.1890,-0.6760,43598,46560,2,4
654193,-5.8660,-4.0830,-4.6710,-0.2870,1.3050,-0.7380,43608,46572,6,36
654213,-5.3970,-4.2570,-5.1360,-0.3950,1.5100,-0.7840,43533,46434,5,25
654234,-4.8540,-4.7000,-5.2460,-0.4640,1.5680,-0.8070,43473,46320,3,9
654254,-4.7310,-4.3190,-5.5620,-0.4880,1.6060,-0.8550,43306,46144,6,36
654274,-4.4010,-4.1700,-5.5740,-0.4830,1.6750,-0.8650,43201,46027,3,9
654294,-4.1990,-4.2150,-5.9200,-0.4520,1.7430,-0.8490,43136,46055,1,1
654314,-4.0020,-3.8410,-5.9720,-0.4530,1.8840,-0.8200,43126,46005,6,36
654334,-3.7730,-4.3780,-7.1290,-0.3930,1.9620,-0.8350,43176,46003,2,4
654354,-3.4480,-4.7290,-7.9130,-0.3710,1.9540,-0.9090,43126,46016,3,9
654374,-2.9190,-4.6850,-7.4740,-0.3630,1.9450,-0.9830,43090,45892,7,49
654394,-2.8790,-4.1720,-7.5600,-0.3140,1.9860,-1.0470,42999,45805,6,36
654414,-1.8560,-4.4480,-7.3610,-0.2480,2.0850,-1.0300,42855,45600,2,4
654435,-1.2490,-4.9070,-7.6770,-0.2070,2.1430,-1.0200,42770,45443,2,4
654455,-1.1470,-5.0580,-8.5880,-0.0950,2.1620,-1.0000,42634,45355,2,4
654475,-0.6240,-5.7040,-9.0920,-0.0850,2.1480,-0.9770,42490,45181,7,49
654495,0.0770,-5.3210,-8.2490,-0.0990,2.1240,-1.0040,42303,44948,2,4
654515,0.0140,-4.8790,-8.8510,0.0850,2.1100,-1.0190,42214,44920,6,36
654535,0.5770,-5.1850,-8.8430,0.2190,2.1100,-1.0470,42117,44704,3,9
654555,0.8490,-5.6670,-9.4800,0.2130,2.1100,-1.0420,42014,44631,2,4
654575,1.3720,-5.9060,-9.7030,0.1600,2.0740,-1.0060,42003,44653,3,9
654595,1.7850,-5.0100,-8.8450,0.1940,1.9800,-0.9520,41927,44588,1,1
654615,2.4620,-5.3130,-7.9740,0.2030,1.9520,-0.9540,41833,44496,4,16
654636,3.1280,-5.8910,-8.6360,0.2680,1.8790,-0.9660,41851,44516,5,25
654656,3.2010,-6.1160,-9.3970,0.2600,1.8490,-0.9700,41812,44491,5,25
654676,3.2430,-6.1840,-9.0120,0.1210,1.8580,-0.9930,41800,44584,1,1
654696,3.8860,-6.2000,-8.3550,0.1010,1.8500,-0.9960,41970,44844,5,25
654716,4.3110,-5.8690,-8.0510,0.0600,1.9090,-0.9510,42139,44959,4,16
654736,4.8270,-5.9140,-7.8510,0.0220,1.9120,-0.9560,42188,45028,2,4
654756,5.3270,-6.0740,-8.2120,-0.0550,1.9240,-0.9680,42268,45137,3,9
654776,5.9350,-6.2290,-8.1270,-0.1230,1.8910,-0.9210,42413,45352,3,9
654796,6.3400,-5.4580,-8.1200,-0.1570,1.8280,-0.8800,42707,45685,2,4
654817,6.9140,-5.5880,-7.5960,-0.1560,1.7710,-0.8560,42872,45866,0,0
654837,6.9440,-5.2460,-7.8590,-0.1940,1.7700,-0.8220,42990,45972,4,16
654857,6.8750,-4.9260,-8.2050,-0.2130,1.7260,-0.7830,43077,46091,4,16
654877,7.0080,-5.1380,-8.0700,-0.2280,1.6530,-0.7290,43254,46356,1,1
654897,7.3940,-5.0840,-7.8180,-0.3020,1.6050,-0.6480,43507,46613,2,4
654917,7.9640,-4.4630,-7.1280,-0.2930,1.5130,-0.5720,43579,46595,3,9
654937,8.1830,-4.2280,-6.5340,-0.2440,1.3520,-0.5210,43544,46627,6,36
654957,8.1390,-4.5730,-6.6240,-0.2010,1.2390,-0.4810,43611,46698,8,64
654977,8.0820,-5.0570,-6.7180,-0.2240,1.1520,-0.4380,43634,46775,3,9
654997,7.8770,-4.9380,-6.4730,-0.2740,1.0960,-0.3910,43887,47058,2,4
655018,7.8910,-4.8230,-6.2620,-0.2350,1.0380,-0.4160,44097,47335,2,4
655038,8.0100,-4.4870,-5.9040,-0.2110,0.9770,-0.4200,44374,47646,4,16
655058,8.1470,-4.2720,-5.5740,-0.1840,0.9250,-0.3930,44612,47839,3,9
655078,7.8850,-4.2560,-6.1440,-0.1410,0.9080,-0.3990,44707,47897,4,16
655098,8.1740,-4.2770,-6.2670,-0.1310,0.8980,-0.3750,44776,47945,6,36
655118,8.6050,-4.2330,-5.8840,-0.1670,0.8500,-0.3320,44847,48030,0,0
655138,8.5950,-3.7110,-5.5470,-0.1190,0.7330,-0.3250,44976,48183,0,0
655158,8.5630,-3.7090,-5.5260,-0.0570,0.6660,-0.3000,45106,48322,3,9
655178,8.6120,-3.8150,-5.7840,-0.0340,0.6230,-0.2720,45251,48511,6,36
655198,8.8430,-3.9600,-5.5880,-0.0480,0.4750,-0.2060,45472,48753,3,9
655219,8.6730,-3.8150,-5.6000,-0.0610,0.3710,-0.1790,45627,48970,9,81
655239,8.5900,-3.6800,-5.4900,-0.0440,0.3180,-0.1410,45797,49157,0,0
655259,8.8560,-4.0230,-5.5550,-0.0570,0.2530,-0.1020,45822,49150,3,9
655279,8.9100,-4.0950,-5.7190,-0.0520,0.1220,-0.0620,45789,49179,5,25
655299,8.7580,-3.9250,-5.8320,-0.0800,0.0040,-0.0180,45789,49222,2,4
655319,8.8900,-4.0010,-5.6770,-0.1090,-0.0850,0.0370,45756,49194,2,4
655339,8.8470,-4.1000,-6.0920,-0.1110,-0.2150,0.0910,45711,49207,3,9
655359,8.8870,-4.3720,-6.3050,-0.1840,-0.3630,0.1750,45701,49179,5,25
655379,8.9820,-4.3340,-6.3110,-0.1880,-0.6650,0.3190,45591,49113,5,25
655400,8.9040,-4.4330,-6.6360,-0.2000,-0.8330,0.3930,45521,49043,7,49
655420,8.9300,-4.8630,-6.9870,-0.2620,-0.9880,0.4980,45420,48952,4,16
655440,8.7020,-5.0230,-7.6280,-0.2980,-1.1750,0.6040,45336,48960,0,0
655460,8.4990,-5.5940,-7.9210,-0.3260,-1.3740,0.7140,45392,49126,2,4
655480,8.1860,-5.0350,-7.5500,-0.3600,-1.4770,0.8290,45509,49284,2,4
655500,7.6210,-5.0170,-7.1910,-0.3580,-1.5130,0.9200,45554,49307,0,0
655520,7.3960,-5.4060,-7.7800,-0.2930,-1.6040,0.9840,45568,49355,5,25
655540,7.5080,-5.6280,-7.7540,-0.2590,-1.7270,1.0460,45599,49432,2,4
655560,7.2390,-5.4720,-7.9080,-0.2600,-1.7950,1.1160,45658,49468,6,36
655580,7.2350,-5.4360,-8.3590,-0.2070,-1.9240,1.1800,45641,49515,6,36
655601,7.3250,-5.7080,-8.4490,-0.1730,-2.0350,1.2370,45626,49490,5,25
655621,7.0080,-5.5750,-8.5380,-0.1320,-2.0990,1.2920,45567,49401,2,4
655641,6.5190,-5.5670,-8.9730,-0.0900,-2.1710,1.3310,45472,49323,5,25
655661,6.2670,-5.7740,-9.1330,-0.0700,-2.2290,1.3480,45400,49262,4,16
655681,5.7400,-5.7320,-9.5010,-0.0520,-2.3090,1.3650,45345,49236,6,36
655701,5.5490,-5.6690,-9.1590,-0.0420,-2.3860,1.3770,45326,49249,7,49
655721,4.9680,-5.3760,-9.2510,-0.0460,-2.4260,1.4050,45322,49305,0,0
655741,4.5690,-5.3870,-9.0930,-0.0340,-2.4840,1.4350,45357,49379,3,9
655761,4.2030,-5.2340,-9.0300,0.0100,-2.5570,1.4520,45379,49397,2,4
655781,3.2570,-5.3160,-9.5660,0.0610,-2.6380,1.3880,45388,49483,2,4
655802,3.1030,-5.2680,-9.1370,0.0460,-2.6450,1.3930,45496,49618,4,16
655822,2.3430,-5.3570,-9.2200,0.0370,-2.6150,1.4060,45581,49746,5,25
655842,2.1180,-4.8660,-8.3990,0.0370,-2.6210,1.3750,45682,49876,3,9
655862,1.4220,-4.8510,-8.0620,0.0960,-2.6350,1.3430,45810,50016,5,25
655882,0.5460,-4.8350,-8.1190,0.1670,-2.6440,1.3160,45923,50174,4,16
655902,-0.2430,-5.1810,-8.4860,0.1230,-2.5630,1.3450,46029,50340,4,16
655922,-0.3480,-4.7900,-7.2880,0.0650,-2.4510,1.3750,46212,50491,7,49
655942,-1.0970,-4.4230,-6.8150,0.1000,-2.3460,1.3690,46319,50570,3,9
655962,-1.6170,-4.5300,-6.5010,0.1650,-2.3050,1.2220,46373,50550,4,16
655983,-2.2980,-4.9240,-7.1620,0.1820,-2.2680,1.1240,46413,50606,0,0
656003,-2.7010,-4.9630,-6.9040,0.1390,-2.1940,1.0490,46482,50654,4,16
656023,-3.2010,-4.5260,-6.3430,0.0430,-2.0620,1.0030,46565,50737,6,36
656043,-3.4000,-4.1770,-5.7040,-0.0210,-1.9650,0.9430,46639,50730,2,4
656063,-3.7040,-4.1300,-5.4960,-0.0100,-1.9500,0.8520,46594,50660,6,36
656083,-4.2720,-4.1740,-5.8840,-0.0370,-1.8340,0.7870,46555,50573,5,25
656103,-4.6880,-4.2960,-5.9600,-0.1500,-1.7250,0.6990,46447,50394,3,9
656123,-4.7960,-4.2630,-5.3380,-0.2250,-1.6570,0.6440,46297,50181,4,16
656143,-5.2460,-3.6860,-4.8840,-0.3610,-1.5750,0.5760,46152,49990,3,9
656163,-5.7480,-3.3330,-4.1420,-0.4030,-1.4190,0.4230,45830,49485,6,36
656184,-6.3590,-3.6140,-4.6360,-0.3510,-1.3220,0.2890,45558,49170,6,36
656204,-6.3250,-3.9210,-4.2900,-0.3710,-1.2150,0.2120,45359,48867,1,1
656224,-6.5680,-4.1070,-3.8130,-0.4230,-1.0300,0.2460,45164,48590,4,16
656244,-6.9410,-3.9360,-4.0410,-0.4980,-0.9360,0.2130,44947,48429,8,64
656264,-6.6530,-3.8240,-3.5090,-0.5310,-0.8930,0.1750,44859,48321,8,64
656284,-7.2440,-3.3950,-3.7680,-0.5460,-0.8150,0.1160,44745,48228,5,25
656304,-7.3860,-3.2110,-3.8320,-0.4800,-0.7470,0.0780,44584,48073,3,9
656324,-7.2540,-3.2270,-3.5110,-0.4130,-0.6310,0.1060,44486,47946,4,16
656344,-7.4470,-3.4030,-4.0830,-0.3470,-0.5830,0.0890,44319,47756,1,1
656364,-7.2510,-3.5850,-3.6990,-0.2980,-0.4720,0.0780,44167,47710,1,1
656385,-7.2480,-3.2370,-3.0110,-0.2540,-0.3740,0.1040,44180,47705,-1,1
656405,-7.6460,-3.2010,-3.4600,-0.1410,-0.3100,0.0380,44097,47610,5,25
656425,-7.5580,-3.8550,-4.0860,-0.0710,-0.2740,-0.0140,44035,47568,3,9
656445,-7.3060,-3.8790,-3.4940,-0.0920,-0.2190,-0.0420,44095,47683,4,16
656465,-7.3420,-3.3360,-2.6790,-0.0380,-0.0930,-0.0780,44233,47826,5,25
656485,-7.3360,-3.1990,-2.5140,0.0630,0.0560,-0.1590,44318,47924,5,25
656505,-7.4450,-3.4680,-3.2150,0.0950,0.1630,-0.2540,44419,48081,3,9
656525,-7.3430,-3.5880,-3.2600,0.1280,0.2680,-0.3290,44578,48276,-1,1
656545,-7.4330,-3.4260,-2.9780,0.1450,0.4070,-0.3790,44763,48476,6,36
656565,-7.1910,-2.9940,-2.5310,0.1570,0.6580,-0.4740,44972,48602,4,16
656586,-7.0380,-3.3910,-3.2420,0.1720,0.8150,-0.5160,45053,48670,9,81
656606,-6.7370,-3.8640,-3.7130,0.1550,0.9110,-0.5840,45101,48722,5,25
656626,-6.5760,-3.6390,-3.5410,0.1130,1.0220,-0.6580,45192,48759,3,9
656646,-6.6140,-3.6930,-3.4920,0.1250,1.1930,-0.6870,45180,48689,0,0
656666,-6.2080,-3.6670,-3.3260,0.1640,1.3380,-0.7350,45143,48607,5,25
656686,-5.6240,-4.4030,-3.6040,0.1150,1.4490,-0.7840,45084,48486,3,9
656706,-5.5080,-4.3770,-3.9430,0.1490,1.5330,-0.8780,44983,48357,4,16
656726,-5.4470,-4.7930,-4.4050,0.1820,1.6620,-0.9370,44850,48160,8,64
656746,-4.8650,-4.8900,-4.2500,0.1300,1.8810,-0.9510,44648,47897,5,25
656767,-4.5880,-5.0590,-4.5200,0.1440,1.9800,-0.9510,44492,47705,2,4
656787,-4.3060,-4.8430,-4.7940,0.1400,2.0580,-1.0350,44309,47510,4,16
656807,-3.8670,-5.3370,-5.5380,0.1590,2.1700,-1.0740,44225,47423,2,4
656827,-3.3930,-5.7270,-6.2180,0.1460,2.2560,-1.0730,44105,47283,5,25
656847,-2.9270,-5.6430,-6.3530,0.0410,2.2970,-1.0820,43977,47137,-1,1
656867,-2.4960,-5.3770,-6.4830,-0.0000,2.3030,-1.1150,43801,46966,4,16
656887,-1.7810,-5.6200,-6.8890,0.0950,2.2990,-1.1580,43625,46674,5,25
656907,-0.9940,-5.9700,-7.5740,0.0370,2.2850,-1.1700,43380,46387,6,36
656927,-0.9610,-6.4440,-8.7600,-0.0920,2.3100,-1.1420,43217,46321,2,4
656947,0.1650,-6.3330,-8.1610,-0.1070,2.2660,-1.1040,43146,46236,6,36
656968,0.8360,-5.9470,-7.7790,-0.1600,2.2350,-1.0880,43063,46066,5,25
656988,0.8060,-6.1950,-8.1180,-0.1700,2.1780,-1.0820,43007,46079,4,16
657008,0.8370,-6.2800,-8.4170,-0.0510,2.0500,-1.1390,43117,46381,2,4
657028,1.5000,-7.0960,-8.7480,-0.0240,1.9610,-1.1500,43503,46821,7,49
657048,1.4150,-7.0160,-9.0450,-0.1260,1.9440,-1.0520,43632,46919,3,9
657068,1.9850,-6.6270,-7.8970,-0.1590,2.0000,-0.9980,43586,46810,6,36
657088,2.1800,-6.2630,-7.8980,-0.1710,2.0700,-0.9970,43460,46619,3,9
657108,2.7270,-7.3890,-8.7260,-0.1310,2.0040,-0.9760,43280,46405,2,4
657128,3.0620,-7.5690,-8.8210,-0.1880,1.9410,-0.9340,43084,46287,4,16
657148,3.2300,-6.5430,-8.2480,-0.1930,1.9520,-0.8990,43032,46235,0,0
657169,3.8380,-6.8090,-8.2600,-0.2130,1.9710,-0.8460,42977,46165,1,1
657189,4.1720,-6.7360,-8.4160,-0.2160,1.9260,-0.7970,42970,46216,0,0
657209,4.5540,-6.3900,-8.4140,-0.2080,1.8400,-0.7830,43037,46302,2,4
657229,4.8350,-6.3290,-8.3430,-0.1820,1.7440,-0.7560,43167,46488,6,36
657249,5.1040,-5.7760,-7.6450,-0.1780,1.7540,-0.7310,43306,46629,2,4
657269,5.2800,-5.4030,-7.6670,-0.1800,1.7570,-0.7030,43381,46644,5,25
657289,5.6290,-6.1930,-8.3190,-0.1560,1.6840,-0.6660,43412,46736,1,1
657309,6.1340,-6.1610,-8.1510,-0.1760,1.6080,-0.6100,43494,46885,5,25
657329,6.2070,-5.7800,-7.4450,-0.1980,1.5230,-0.5880,43753,47223,2,4
657350,6.7400,-5.3620,-6.8490,-0.1830,1.4420,-0.5820,43951,47450,4,16
657370,6.8170,-5.7680,-7.1920,-0.1980,1.3770,-0.5490,44175,47766,5,25
657390,6.9180,-6.0250,-7.4500,-0.2620,1.3260,-0.5130,44441,48114,6,36
657410,7.0610,-5.4950,-6.8850,-0.2780,1.2630,-0.4960,44729,48487,4,16
657430,7.1860,-5.2060,-6.2450,-0.2620,1.2290,-0.4950,44951,48690,1,1
657450,7.1360,-4.9960,-6.3120,-0.2580,1.1970,-0.4870,45091,48845,3,9
657470,7.2030,-5.1570,-6.5660,-0.2230,1.1270,-0.4700,45185,48973,2,4
657490,7.4160,-5.1940,-6.5060,-0.1930,1.0820,-0.4480,45243,49040,4,16
657510,7.5510,-5.0230,-6.2610,-0.1740,1.0110,-0.4380,45293,49142,2,4
657530,7.8480,-4.7450,-6.0080,-0.1280,0.9290,-0.4220,45487,49413,2,4
657551,7.9250,-4.7030,-5.8490,-0.1060,0.8800,-0.3970,45583,49531,8,64
657571,7.8410,-4.5150,-5.9530,-0.0460,0.8020,-0.3820,45638,49618,0,0
657591,8.0270,-4.6840,-5.8740,0.0080,0.7150,-0.3560,45725,49714,7,49
657611,8.0770,-4.8650,-5.9650,0.0390,0.6300,-0.3460,45825,49820,6,36
657631,8.1520,-4.7620,-5.6590,0.0600,0.5410,-0.3260,45924,49954,4,16
657651,8.1090,-4.6030,-5.6320,0.0870,0.4780,-0.3070,46031,50070,3,9
657671,8.2720,-4.6660,-5.5700,0.1100,0.4160,-0.2840,46121,50156,3,9
657691,8.4250,-4.6850,-5.5620,0.1190,0.3170,-0.2590,46197,50227,4,16
657711,8.4650,-4.6080,-5.6570,0.1470,0.2110,-0.2370,46251,50291,3,9
657731,8.2940,-4.5780,-5.6320,0.1550,0.0900,-0.1780,46338,50396,3,9
657752,8.1950,-4.6210,-5.6660,0.1570,0.0090,-0.1590,46397,50454,7,49
657772,8.0540,-4.7210,-5.8720,0.1670,-0.0720,-0.1240,46416,50476,8,64
657792,7.9520,-4.7010,-5.9170,0.1280,-0.1270,-0.0820,46448,50529,-1,1
657812,7.9440,-4.7820,-5.9420,0.0850,-0.1900,-0.0410,46488,50584,2,4
657832,8.0400,-4.6320,-5.7190,0.0660,-0.2920,-0.0020,46516,50587,2,4
657852,8.0650,-4.7010,-5.6970,0.0600,-0.3800,0.0300,46511,50584,6,36
657872,8.1370,-4.7750,-5.8260,0.0420,-0.4600,0.0820,46522,50610,3,9
657892,8.1160,-4.8550,-6.0940,0.0100,-0.5330,0.1220,46557,50633,3,9
657912,8.1770,-4.8310,-6.0600,-0.0340,-0.6210,0.1640,46542,50605,2,4
657932,8.1620,-4.8030,-6.0300,-0.0260,-0.7980,0.1960,46506,50584,4,16
657953,7.9940,-4.8030,-6.0930,-0.0510,-0.8830,0.2290,46495,50562,4,16
657973,7.7390,-4.5230,-6.3430,-0.0090,-1.0200,0.2490,46492,50579,3,9
657993,8.0010,-4.7740,-6.3370,0.0990,-1.2330,0.2500,46559,50692,5,25
658013,8.0800,-5.2010,-6.6950,0.0990,-1.3250,0.3000,46630,50838,0,0
658033,7.9190,-5.4740,-7.0310,0.0090,-1.3300,0.3590,46708,50917,2,4
658053,7.4600,-5.8260,-7.3900,-0.0430,-1.3610,0.4450,46730,50861,4,16
658073,7.1480,-5.7930,-7.6590,-0.1250,-1.4850,0.5060,46690,50802,2,4
658093,7.3910,-5.5270,-6.9660,-0.1500,-1.5790,0.5450,46612,50728,2,4
658113,7.4390,-5.6480,-7.3930,-0.1720,-1.6850,0.6150,46437,50543,4,16
658134,7.3250,-5.7010,-7.5940,-0.1840,-1.7870,0.6670,46278,50302,4,16
658154,6.7770,-5.5810,-7.9820,-0.1660,-1.8750,0.7090,46055,50058,3,9
658174,6.2460,-5.8360,-8.0150,-0.1570,-1.9140,0.7380,45892,49827,6,36
658194,5.7220,-5.9390,-8.4280,-0.1330,-1.9670,0.7540,45726,49586,4,16
658214,5.4920,-5.9100,-8.4750,-0.1520,-1.9810,0.7850,45508,49347,2,4
658234,5.1270,-5.9940,-8.5450,-0.1630,-1.9960,0.8200,45367,49231,2,4
658254,5.1150,-5.8120,-8.2500,-0.1350,-2.0320,0.8460,45229,48995,5,25
658274,4.9210,-5.7480,-8.1630,-0.1240,-2.0650,0.8960,44997,48704,4,16
658294,4.3280,-5.6380,-8.6950,-0.1310,-2.1150,0.9260,44728,48416,2,4
658314,3.6810,-6.0360,-8.8570,-0.1310,-2.1170,0.9740,44352,47971,6,36
658335,3.2190,-5.8620,-8.8980,-0.1330,-2.1030,1.0070,44125,47716,2,4
658355,2.9330,-5.7460,-9.0150,-0.1430,-2.1240,1.0300,43947,47502,7,49
658375,2.5980,-5.8540,-8.7540,-0.1600,-2.1360,1.0290,43746,47241,2,4
658395,2.0690,-5.6180,-8.4850,-0.1680,-2.1470,1.0350,43532,46967,3,9
658415,1.5430,-5.3920,-8.5630,-0.1870,-2.1410,1.0610,43317,46735,5,25
658435,1.1650,-5.4470,-8.3960,-0.1560,-2.1190,1.0590,43154,46535,4,16
658455,0.6150,-5.4760,-8.4310,-0.2080,-2.0690,1.0540,42998,46362,5,25
658475,0.1150,-5.4300,-8.7320,-0.2090,-2.0610,1.0270,42800,46170,2,4
658495,-0.0790,-5.0840,-8.5770,-0.2850,-2.0480,0.9980,42564,45924,2,4
658515,-0.6600,-4.8060,-8.4340,-0.3490,-2.0070,0.9920,42185,45545,5,25
658536,-0.9850,-4.9370,-8.2060,-0.3910,-1.9850,1.0220,41964,45310,3,9
658556,-1.6110,-4.6730,-8.4930,-0.4330,-1.9800,1.0150,41787,45193,7,49
658576,-1.8450,-4.6570,-8.2410,-0.4400,-1.9840,0.9660,41651,44999,0,0
658596,-2.0910,-4.5110,-7.6540,-0.4400,-1.9890,0.8920,41452,44752,3,9
658616,-2.7920,-4.6330,-7.6320,-0.4470,-1.9510,0.8560,41243,44553,6,36
658636,-3.1290,-4.6450,-7.1540,-0.4630,-1.8750,0.8470,41018,44352,3,9
658656,-3.6140,-4.5410,-7.1110,-0.4740,-1.8310,0.8620,40865,44173,5,25
658676,-3.8490,-4.3140,-7.0520,-0.4540,-1.8470,0.8320,40682,43957,3,9
658696,-4.6530,-4.1400,-7.1130,-0.4390,-1.8000,0.7480,40478,43803,5,25
658717,-4.8660,-3.8320,-6.2610,-0.4800,-1.7360,0.7110,40452,43725,3,9
658737,-5.4010,-3.5340,-6.4390,-0.4060,-1.7030,0.6410,40397,43656,3,9
658757,-5.6680,-3.5410,-6.5150,-0.3670,-1.6650,0.5930,40345,43645,3,9
658777,-6.0000,-3.4750,-6.5170,-0.3530,-1.6290,0.5580,40406,43801,5,25
658797,-5.7740,-3.1300,-5.2960,-0.3780,-1.5810,0.5340,40678,44082,5,25
658817,-6.2250,-2.7220,-5.0090,-0.3360,-1.5240,0.5200,40789,44094,5,25
658837,-6.3580,-2.8550,-5.1610,-0.3300,-1.4690,0.4680,40746,44032,6,36
658857,-6.2610,-3.1440,-5.1300,-0.3190,-1.4220,0.4360,40759,44041,5,25
658877,-6.7030,-3.0190,-5.3920,-0.3100,-1.3300,0.4220,40784,44042,2,4
658897,-6.7470,-2.8120,-4.5550,-0.3150,-1.1440,0.3960,40767,43937,5,25
658918,-6.7850,-2.9170,-4.2370,-0.3620,-1.0670,0.3620,40724,43851,3,9
658938,-6.8750,-2.8420,-3.9350,-0.3670,-0.9880,0.2870,40665,43773,8,64
658958,-7.2410,-2.8490,-4.2660,-0.3550,-0.8670,0.2360,40592,43684,6,36
658978,-7.2130,-2.9510,-4.0230,-0.3680,-0.7630,0.2180,40463,43489,5,25
658998,-7.4780,-2.6290,-4.2820,-0.3740,-0.6990,0.1720,40345,43377,7,49
659018,-7.6650,-2.5210,-3.9680,-0.3690,-0.6410,0.1230,40253,43297,4,16
659038,-7.9750,-2.3570,-4.0330,-0.3250,-0.5780,0.0780,40194,43234,7,49
659058,-8.2720,-2.2860,-4.1440,-0.2790,-0.5230,0.0350,40128,43176,1,1
659078,-8.3790,-2.4900,-3.9410,-0.2430,-0.5060,-0.0280,40101,43180,4,16
659098,-8.4620,-2.4070,-4.2680,-0.2570,-0.5140,-0.1690,40227,43456,5,25
659119,-8.4290,-2.4940,-4.1130,-0.2300,-0.4190,-0.2790,40495,43900,6,36
659139,-8.0890,-2.0310,-3.2170,-0.1730,-0.3010,-0.2620,41102,44541,4,16
659159,-8.0960,-2.1200,-2.7710,-0.1600,-0.1590,-0.1710,41484,44833,2,4
659179,-7.9550,-2.0730,-2.7460,-0.1730,-0.0500,-0.1520,41658,45004,5,25
659199,-7.8580,-2.2190,-3.1060,-0.1800,0.0400,-0.1550,41846,45196,6,36
659219,-7.9440,-1.9330,-3.2370,-0.2040,0.1730,-0.1570,42053,45455,5,25
659239,-7.7670,-1.6800,-3.1600,-0.1700,0.3520,-0.1590,42286,45658,5,25
659259,-7.8290,-1.6660,-3.9190,-0.0750,0.4930,-0.2320,42433,45801,7,49
659279,-7.5350,-1.8390,-3.7730,-0.0060,0.6080,-0.3090,42550,45906,5,25
659299,-7.4410,-1.8360,-3.6850,0.1000,0.7700,-0.3530,42616,45899,3,9
659320,-7.5680,-1.8220,-3.9880,0.1700,0.8940,-0.3240,42573,45893,6,36
659340,-7.2690,-2.1930,-4.1230,0.1780,1.0190,-0.2750,42567,45899,4,16
659360,-6.9050,-2.4520,-4.1770,0.2010,1.0790,-0.2540,42602,45923,3,9
659380,-6.9260,-2.4650,-4.3160,0.2710,1.1330,-0.2770,42489,45709,4,16
659400,-7.0350,-2.6130,-4.6850,0.2990,1.2270,-0.3150,42283,45518,0,0
659420,-6.9280,-3.0670,-4.9480,0.3480,1.3590,-0.3440,42175,45471,3,9
659440,-6.4810,-3.5520,-5.2100,0.3800,1.5070,-0.4240,42139,45348,3,9
659460,-6.3530,-3.7120,-5.7150,0.4320,1.5890,-0.5640,42014,45210,5,25
659480,-5.8350,-3.9320,-5.1390,0.4610,1.6730,-0.7290,41921,45130,0,0
659501,-5.3150,-3.8640,-4.7720,0.4710,1.7340,-0.7500,41850,44969,5,25
659521,-5.3100,-3.5720,-5.3260,0.5060,1.7470,-0.7610,41678,44838,3,9
659541,-4.9420,-3.9260,-5.8270,0.5370,1.7890,-0.7510,41626,44787,4,16
659561,-4.5670,-4.5090,-6.4370,0.5180,1.8800,-0.7500,41701,44897,6,36
659581,-4.1890,-4.5430,-6.1890,0.5100,1.9160,-0.8300,41818,45020,7,49
659601,-4.1810,-4.3530,-6.6010,0.4880,1.9320,-0.9530,41904,45089,4,16
659621,-3.7610,-4.9700,-6.6860,0.5270,1.9220,-1.0390,41954,45187,0,0
659641,-3.3230,-5.1420,-6.8590,0.4360,1.9300,-1.0790,42013,45229,2,4
659661,-2.8100,-5.4340,-6.5640,0.3730,1.9010,-1.0960,41961,45113,2,4
659681,-2.5060,-5.7940,-7.0340,0.3290,1.8960,-1.1330,41870,45114,4,16
659702,-2.1890,-5.7920,-7.0390,0.2190,1.9700,-1.1370,41895,45177,5,25
659722,-1.8730,-5.8900,-7.1070,0.1470,2.0230,-1.1460,41898,45072,4,16
659742,-1.7210,-5.7520,-7.7970,0.1340,2.0010,-1.1440,41775,44961,5,25
659762,-1.4100,-6.3690,-8.0760,0.0730,1.9250,-1.1630,41698,44945,2,4
659782,-0.8830,-6.4400,-7.7520,-0.0100,1.8690,-1.1790,41672,44884,2,4
659802,-0.7610,-5.7600,-8.1740,-0.0360,1.8640,-1.1810,41588,44795,3,9
659822,-0.5470,-6.1540,-8.4780,-0.0510,1.9020,-1.1020,41577,44817,5,25
659842,0.0080,-6.3580,-8.0560,-0.1070,1.8950,-1.0680,41573,44802,0,0
659862,0.4380,-6.0130,-7.8130,-0.1230,1.8120,-1.0790,41529,44679,0,0
659882,1.0560,-6.3690,-8.7860,-0.0870,1.7020,-1.1550,41340,44475,3,9
659903,1.5660,-6.7530,-8.5110,-0.0970,1.6900,-1.1660,41264,44418,2,4
659923,1.8760,-6.5190,-7.9710,-0.0470,1.7080,-1.1660,41259,44438,4,16
659943,2.1660,-6.1220,-8.4110,-0.0350,1.7060,-1.1590,41306,44467,4,16
659963,2.9150,-6.5530,-8.3150,-0.0140,1.6500,-1.1840,41314,44475,5,25
659983,3.2210,-6.8140,-8.7100,0.0350,1.5980,-1.2190,41356,44568,4,16
660003,3.8000,-6.1280,-8.3230,0.1030,1.5250,-1.2020,41414,44575,7,49
660023,4.1710,-5.9870,-8.3920,0.1090,1.5060,-1.1470,41373,44522,6,36
660043,4.8040,-6.1760,-7.8340,0.0910,1.4690,-1.0900,41386,44558,4,16
660063,5.1990,-5.9970,-8.1610,0.2030,1.3780,-1.0710,41512,44674,3,9
660084,5.2620,-6.0880,-8.5140,0.1630,1.3440,-1.0520,41569,44732,0,0
660104,5.5730,-6.0990,-8.2760,0.1630,1.2350,-1.0060,41671,44916,3,9
660124,5.6170,-5.8110,-7.8130,0.0970,1.1760,-0.9140,41829,45083,1,1
660144,5.9510,-5.3210,-7.5740,0.0960,1.1110,-0.8570,41940,45207,4,16
660164,6.3110,-5.4490,-7.7860,0.1540,1.0650,-0.8080,42088,45362,5,25
660184,6.5770,-5.6750,-8.1180,0.1220,1.0470,-0.7540,42201,45474,4,16
660204,6.7440,-5.3270,-7.7570,0.0690,1.0010,-0.7140,42330,45634,4,16
660224,6.7840,-4.9930,-7.3230,0.0500,0.9840,-0.6770,42498,45820,3,9
660244,6.6990,-4.8770,-7.3660,0.0580,0.9770,-0.6220,42689,46033,3,9
660264,7.0960,-4.9250,-7.3290,0.0510,0.9270,-0.5440,42899,46286,6,36
660285,7.1200,-4.6480,-6.8400,0.0230,0.8780,-0.4970,43061,46469,7,49
660305,7.0590,-4.4590,-6.9470,0.0150,0.8520,-0.4510,43228,46691,0,0
660325,7.3210,-4.5680,-7.0190,0.0050,0.8600,-0.4070,43455,46957,0,0
660345,7.5440,-4.4110,-6.9420,-0.0100,0.8570,-0.3700,43653,47197,2,4
660365,7.7270,-4.2740,-6.3550,-0.0240,0.8400,-0.3340,43887,47426,1,1
660385,7.6950,-4.0530,-6.3760,-0.0360,0.8130,-0.3150,44075,47601,4,16
660405,7.8480,-4.2540,-6.3240,-0.0410,0.7550,-0.2750,44244,47782,5,25
660425,8.0170,-4.1860,-6.0960,-0.0610,0.6950,-0.2340,44438,48019,8,64
660445,8.0480,-4.1290,-5.8410,-0.1120,0.6750,-0.1920,44664,48232,3,9
660465,8.1370,-4.1530,-5.7330,-0.1440,0.6560,-0.1610,44857,48407,4,16
660486,8.0800,-4.3040,-6.1530,-0.1490,0.6420,-0.1590,44970,48577,0,0
660506,8.0950,-4.5140,-6.0510,-0.1700,0.6260,-0.1600,45143,48776,6,36
660526,8.1440,-4.2990,-5.7540,-0.2080,0.5890,-0.1540,45275,48926,4,16
660546,8.1520,-4.2990,-5.5560,-0.2000,0.5190,-0.1600,45361,49039,0,0
660566,8.1590,-4.2780,-5.6690,-0.2030,0.4280,-0.1430,45423,49135,1,1
660586,8.1390,-4.4880,-5.8660,-0.2180,0.3380,-0.0940,45446,49175,7,49
660606,8.0580,-4.5270,-6.1550,-0.2330,0.2760,-0.0670,45442,49213,3,9
660626,8.0410,-4.6180,-6.2150,-0.2430,0.2010,-0.0520,45408,49180,8,64
660646,8.1040,-4.7410,-6.2700,-0.1540,0.0520,-0.0640,45348,49045,3,9
660668,8.3730,-4.5650,-6.0570,-0.0740,-0.0740,-0.0530,45249,48785,-4,16
660688,8.4430,-4.9930,-6.3180,-0.0830,-0.2110,0.0240,45187,48678,4,16
660708,8.2540,-5.2240,-6.6770,-0.1750,-0.3440,0.1330,45251,48787,5,25
660728,7.9320,-4.9010,-6.6390,-0.2310,-0.4640,0.2120,45435,49014,2,4
660748,7.6340,-5.0290,-6.5370,-0.1970,-0.6020,0.2440,45561,49132,3,9
660768,7.4180,-5.0100,-6.6460,-0.2100,-0.6580,0.2950,45617,49207,1,1
660788,7.4910,-5.0230,-6.8310,-0.2050,-0.7680,0.3540,45648,49278,2,4
660808,7.5940,-5.2550,-6.8370,-0.1840,-0.8970,0.4270,45661,49312,6,36
660828,7.4400,-5.0360,-6.7290,-0.1460,-1.0290,0.5070,45589,49251,6,36
660849,7.3420,-5.2680,-6.7640,-0.1200,-1.0780,0.5490,45534,49178,2,4
660869,7.2820,-5.3610,-7.1750,-0.0840,-1.1810,0.5970,45427,49041,5,25
660889,7.2530,-5.4240,-6.9620,-0.0570,-1.2810,0.6400,45307,48880,3,9
660909,7.0320,-5.4580,-7.0040,-0.0330,-1.3250,0.6530,45149,48673,4,16
660929,6.8200,-5.5270,-7.0500,-0.0140,-1.3790,0.6300,45027,48527,8,64
660949,6.6480,-5.4900,-7.2710,0.0010,-1.4300,0.6490,44985,48478,3,9
660969,6.4180,-5.3150,-7.3360,-0.0330,-1.4410,0.6710,44964,48403,1,1
660989,6.0810,-5.3710,-7.8070,-0.0530,-1.4820,0.6850,44898,48282,3,9
661009,6.3280,-5.3740,-7.6040,-0.0980,-1.5270,0.7060,44802,48094,5,25
661029,5.7680,-5.5010,-8.4000,-0.0820,-1.6470,0.7470,44587,47756,2,4
661050,5.6430,-5.7070,-8.3610,-0.1140,-1.6990,0.7740,44431,47577,4,16
661070,4.9940,-5.7050,-8.5700,-0.1210,-1.7320,0.8270,44299,47381,4,16
661090,4.6810,-6.0210,-8.4840,-0.1490,-1.7490,0.8660,44096,47051,6,36
661110,4.3470,-6.1670,-8.6430,-0.1800,-1.7980,0.8940,43872,46841,5,25
661130,4.1140,-6.0130,-8.3710,-0.1970,-1.8600,0.9120,43762,46664,4,16
661150,3.6010,-6.1170,-8.4460,-0.1950,-1.8680,0.9510,43590,46353,5,25
661170,3.0080,-6.0210,-9.0180,-0.1910,-1.8800,0.9570,43409,46212,5,25
661190,2.6480,-5.9930,-8.8240,-0.1990,-1.9050,0.9680,43424,46194,0,0
661210,2.0780,-5.7330,-8.6410,-0.1790,-1.8910,0.9910,43508,46196,0,0
661231,1.7650,-5.7140,-8.6740,-0.1690,-1.9060,0.9890,43534,46177,7,49
661251,1.5630,-5.5570,-8.2920,-0.1480,-1.8770,0.9770,43512,46084,4,16
661271,1.1670,-5.0450,-8.5950,-0.1040,-1.8110,0.9600,43402,45946,9,81
661291,1.1740,-5.3910,-8.4240,-0.0710,-1.8180,0.9360,43326,45829,4,16
661311,0.8660,-5.5590,-8.3950,-0.0610,-1.7960,0.9290,43301,45819,8,64
661331,0.5700,-5.3240,-8.1150,-0.0520,-1.7820,0.8990,43335,45838,4,16
661351,0.1980,-5.2180,-8.2890,-0.0350,-1.7340,0.8600,43283,45748,3,9
661371,-0.1900,-5.1930,-8.4060,-0.0060,-1.6940,0.8060,43215,45691,1,1
661391,-0.2550,-5.4310,-8.2010,-0.0810,-1.6210,0.7700,43177,45620,7,49
661411,-0.6600,-5.0750,-8.4790,-0.1520,-1.6530,0.6820,43259,45772,6,36
661432,-0.8270,-4.9910,-7.8040,-0.2200,-1.6070,0.6530,43322,45727,1,1
661452,-1.5730,-4.5200,-7.5530,-0.2400,-1.5710,0.6310,43232,45651,3,9
661472,-2.0780,-4.7380,-8.2240,-0.2620,-1.5680,0.6030,43187,45634,4,16
661492,-2.4220,-5.0230,-8.4710,-0.3370,-1.5450,0.5680,43162,45538,4,16
661512,-2.6420,-4.8550,-7.4560,-0.3950,-1.5400,0.5310,43032,45316,3,9
661532,-3.3420,-4.4130,-7.3420,-0.4240,-1.5030,0.5170,42845,45198,5,25
661552,-3.4930,-4.7690,-7.3550,-0.4070,-1.4470,0.5170,42727,45048,3,9
661572,-3.7950,-5.1200,-7.3450,-0.3950,-1.4630,0.5330,42542,44850,2,4
661592,-4.2870,-4.7540,-6.7090,-0.3720,-1.4550,0.5060,42223,44522,6,36
661612,-4.7760,-4.8940,-7.0090,-0.3010,-1.4360,0.5450,41764,44098,6,36
661633,-5.1760,-4.8870,-6.9110,-0.2930,-1.4580,0.5550,41458,43875,5,25
661653,-5.4950,-4.6590,-6.8790,-0.2160,-1.4740,0.5480,41238,43702,4,16
661673,-5.5930,-4.5470,-6.2810,-0.1920,-1.4430,0.5590,41048,43527,0,0
661693,-5.9400,-4.3300,-6.8090,-0.0780,-1.4530,0.5720,40975,43552,2,4
661713,-5.7760,-4.4010,-6.0550,-0.0160,-1.4220,0.5710,40997,43600,5,25
661733,-5.8410,-4.1460,-5.4830,0.0580,-1.3750,0.5570,41149,43738,5,25
661753,-5.8480,-3.7570,-4.8510,0.1440,-1.3810,0.5200,41299,43850,2,4
661773,-6.3790,-3.7780,-5.1890,0.1720,-1.2840,0.5070,41342,43945,6,36
661793,-6.3960,-4.0380,-5.2610,0.1640,-1.0920,0.5590,41522,44237,6,36
661815,-6.4970,-3.7530,-5.6140,0.1200,-1.0550,0.5320,41670,44343,2,4
661835,-6.6010,-3.6130,-4.8540,0.0610,-0.9920,0.4870,41762,44426,0,0
661855,-6.8170,-3.3380,-4.3360,0.0020,-0.8790,0.4620,41794,44466,4,16
661875,-6.8260,-3.1180,-4.5810,-0.0470,-0.7910,0.4020,41723,44475,0,0
661895,-6.8210,-3.1350,-4.8040,-0.1350,-0.7050,0.3420,41728,44680,7,49
661915,-6.9520,-3.2480,-4.5250,-0.2350,-0.6220,0.2900,42075,45212,3,9
661935,-6.8170,-2.9210,-3.6940,-0.3120,-0.5150,0.2240,42665,45726,0,0
661955,-6.8680,-3.0440,-4.0190,-0.3430,-0.4200,0.1200,42732,45609,3,9
661975,-6.7820,-3.3140,-3.7030,-0.4960,-0.4680,0.0580,42675,45641,7,49
661996,-7.2320,-3.2300,-3.4110,-0.6480,-0.3630,0.0600,42866,45895,6,36
662016,-7.8220,-2.9310,-3.6660,-0.7370,-0.2010,0.0840,43105,46215,8,64
662036,-7.8070,-3.0840,-3.9100,-0.7000,-0.1070,0.0700,43437,46657,-1,1
662056,-7.7050,-3.0930,-3.4150,-0.6370,-0.0610,-0.0330,43883,47200,2,4
662076,-7.8120,-2.9710,-3.1760,-0.5890,-0.0010,-0.1770,44344,47645,4,16
662096,-8.1730,-2.7040,-3.0380,-0.4960,0.1330,-0.2340,44596,47878,9,81
662116,-8.1160,-2.8810,-3.3100,-0.3990,0.2810,-0.2330,44837,48188,1,1
662136,-7.6750,-3.1760,-3.3570,-0.3140,0.4020,-0.2570,45154,48565,8,64
662156,-7.4540,-3.0260,-3.4230,-0.2220,0.5120,-0.3060,45520,48982,7,49
662176,-7.4570,-2.9380,-3.2090,-0.0320,0.7210,-0.3450,46109,49450,3,9
662197,-7.2990,-3.1710,-3.7100,0.0700,0.8820,-0.3330,46182,49474,3,9
662217,-6.9190,-3.3150,-3.8220,0.1400,0.9960,-0.3580,46209,49467,4,16
662237,-6.9200,-3.3160,-4.2620,0.1910,1.1130,-0.3730,46204,49459,6,36
662257,-6.6210,-3.5230,-4.0680,0.2390,1.2260,-0.3980,46236,49465,8,64
662277,-6.2740,-3.4690,-4.4620,0.2780,1.3570,-0.4260,46275,49410,3,9
662297,-6.1330,-3.4460,-4.8720,0.2690,1.4670,-0.4560,46148,49177,5,25
662317,-5.9720,-3.8940,-5.2660,0.2960,1.5810,-0.5020,45923,48925,4,16
662337,-5.5490,-4.0040,-5.4490,0.2510,1.6580,-0.5170,45621,48518,0,0
662357,-5.2280,-3.6150,-5.5170,0.2350,1.7200,-0.5540,45135,47826,5,25
662377,-4.9140,-3.9650,-6.0310,0.1460,1.8070,-0.5940,44354,47097,4,16
662398,-4.4700,-4.3060,-6.3760,0.0870,1.8660,-0.6090,44086,46802,5,25
662418,-4.1130,-4.1830,-6.8760,0.0720,1.8510,-0.6580,43732,46367,3,9
662438,-4.0080,-4.2870,-7.4570,0.0380,1.8700,-0.6880,43403,46078,0,0
662458,-3.5210,-4.5060,-7.1800,-0.0270,1.9010,-0.7270,43164,45751,2,4
662478,-3.3700,-4.3610,-7.8230,-0.0560,1.9120,-0.7510,42816,45402,3,9
662498,-2.9130,-4.2090,-8.2050,-0.0590,1.8860,-0.7780,42590,45137,3,9
662518,-2.7390,-4.9140,-8.7900,-0.0850,1.8640,-0.7960,42470,45026,5,25
662538,-2.5100,-4.6300,-8.2960,-0.0990,1.8640,-0.8130,42397,44995,3,9
662558,-2.0940,-4.2010,-8.7950,-0.0470,1.8370,-0.8160,42213,44673,8,64
662579,-1.6050,-4.9820,-9.2180,-0.0650,1.8360,-0.8450,42116,44618,1,1
662599,-1.3950,-5.1580,-8.9900,-0.0770,1.8140,-0.9170,42158,44706,5,25
662619,-1.2930,-4.5540,-9.0120,0.0130,1.8110,-0.9390,42185,44663,5,25
662639,-0.7600,-4.8050,-8.8090,0.0390,1.8030,-0.9580,42169,44683,4,16
662659,-0.1410,-4.8990,-8.2660,0.0760,1.7540,-1.0020,42234,44780,4,16
662679,0.2070,-4.5860,-8.4600,0.1780,1.7700,-1.0370,42190,44668,3,9
662699,0.5930,-5.0580,-9.2340,0.2300,1.7840,-1.0300,42108,44623,6,36
662719,1.1580,-5.2920,-8.9000,0.2560,1.7310,-1.0250,42013,44576,3,9
662739,1.5040,-5.3500,-8.3550,0.3250,1.7010,-1.0300,41967,44563,2,4
662759,2.0540,-5.3020,-8.9390,0.3680,1.7720,-1.0670,41502,44262,3,9
662780,2.8010,-5.7590,-8.8720,0.3060,1.8210,-1.0560,41159,44120,4,16
662800,3.2000,-5.9100,-8.7700,0.2970,1.8310,-1.0760,40942,43963,3,9
662820,3.2380,-5.6780,-9.0020,0.2440,1.8070,-1.0640,40767,43992,1,1
662840,3.5850,-5.7520,-8.7560,0.2100,1.7320,-1.0250,40861,44287,4,16
662860,4.1550,-5.6260,-8.3390,0.1840,1.6650,-0.9960,41068,44396,3,9
662880,4.3350,-5.8410,-8.6130,0.0560,1.7010,-0.9340,41052,44459,2,4
662900,4.5800,-5.9220,-9.0670,-0.0440,1.6470,-0.9090,41191,44782,1,1
662920,4.8850,-5.9200,-8.4770,-0.0300,1.5350,-0.8890,41479,44975,5,25
662940,5.1000,-5.5990,-7.9550,-0.0760,1.5760,-0.8500,41458,44915,4,16
662960,5.3190,-5.3750,-8.1440,-0.2110,1.6060,-0.8070,41640,45367,5,25
662981,5.6520,-5.7520,-7.5450,-0.2300,1.5700,-0.7350,41999,45626,4,16
663001,5.6600,-5.6040,-7.8570,-0.2720,1.6170,-0.6730,42050,45680,5,25
663021,5.8910,-4.9720,-7.6060,-0.2950,1.6250,-0.6530,42124,45861,7,49
663041,6.3100,-5.5030,-6.9920,-0.2820,1.5690,-0.6100,42410,46110,6,36
663061,6.5580,-5.3670,-7.2980,-0.2390,1.5700,-0.5900,42546,46208,2,4
663081,6.8130,-5.0070,-7.0720,-0.2250,1.5710,-0.5890,42636,46356,4,16
663101,7.1050,-5.2940,-7.2090,-0.2170,1.5490,-0.5860,42817,46565,3,9
663121,7.4880,-5.1120,-6.9850,-0.1750,1.5060,-0.5710,42973,46700,6,36
663141,7.9330,-4.4590,-6.2870,-0.1220,1.3890,-0.4950,43093,46793,4,16
663163,8.0830,-4.5660,-6.3590,-0.0520,1.3200,-0.4700,43156,46907,8,64
663183,8.5340,-4.5130,-6.0840,-0.0000,1.2360,-0.4350,43282,47057,5,25
663203,8.4280,-4.5390,-6.3120,0.0110,1.1760,-0.4130,43459,47249,2,4
663223,8.3670,-4.4830,-6.3530,0.0320,1.0980,-0.3990,43685,47497,8,64
663243,8.4340,-4.5740,-6.0880,0.0620,1.0470,-0.3810,43940,47770,4,16
663263,8.4900,-4.2050,-5.5560,0.0690,1.0050,-0.3730,44185,47928,7,49
663283,8.6060,-3.9820,-5.5050,0.0590,0.9580,-0.3500,44341,48082,4,16
663303,8.5780,-4.0680,-5.4920,0.0920,0.8800,-0.3290,44598,48364,5,25
663323,8.4950,-4.1130,-5.2660,0.0950,0.7790,-0.3220,45059,48823,7,49
663344,8.5400,-4.0940,-5.1920,0.0680,0.7580,-0.3080,45340,49044,5,25
663364,8.5520,-3.9400,-5.4560,0.0340,0.6980,-0.2860,45536,49250,3,9
663384,8.7530,-3.8860,-5.1150,-0.0010,0.6490,-0.2550,45743,49457,3,9
663404,8.8310,-3.9340,-4.9610,-0.0210,0.5930,-0.2320,45949,49670,2,4
663424,8.7360,-3.8560,-4.7820,-0.0270,0.5620,-0.2320,46180,49928,6,36
663444,8.6250,-4.0270,-5.1690,-0.0940,0.5210,-0.2200,46441,50187,1,1
663464,8.8230,-4.0670,-5.3130,-0.1600,0.4560,-0.1900,46717,50486,7,49
663484,8.9880,-3.8130,-4.7800,-0.1950,0.4000,-0.1670,47047,50798,4,16
663504,8.9970,-3.6490,-4.5900,-0.1830,0.3750,-0.1490,47328,51000,7,49
663524,9.0360,-3.5410,-4.6500,-0.2440,0.2350,-0.0790,47343,50986,4,16
663545,9.2780,-3.7820,-4.5210,-0.2340,0.0760,0.0070,47275,50902,6,36
663565,9.1110,-3.9610,-4.7760,-0.2520,-0.0410,0.0510,47180,50806,4,16
663585,8.8270,-3.8850,-4.9670,-0.2730,-0.1320,0.0840,47034,50720,0,0
663605,8.7180,-3.9880,-5.0770,-0.2450,-0.2220,0.1130,46973,50689,3,9
663625,8.5350,-4.2070,-5.2540,-0.2110,-0.2820,0.1260,46945,50672,5,25
663645,8.6060,-4.1920,-5.2130,-0.1930,-0.3520,0.1540,46864,50591,0,0
663665,8.6550,-4.0330,-4.8750,-0.1190,-0.4380,0.1720,46756,50494,3,9
663685,8.5650,-3.9310,-5.0130,-0.0490,-0.5150,0.1840,46645,50421,-1,1
663705,8.7210,-4.1670,-5.3240,0.0130,-0.5860,0.2170,46605,50422,2,4
663727,8.7560,-4.2960,-5.3580,0.0750,-0.6580,0.2110,46656,50503,7,49
663747,8.7570,-4.1650,-5.4960,0.1720,-0.6890,0.1450,46795,50622,6,36
663767,8.7560,-4.0270,-5.6290,0.2080,-0.6820,0.1230,47014,50829,6,36
663787,8.9040,-4.4770,-5.3490,0.1800,-0.7420,0.2100,47246,50965,3,9
663807,8.6250,-4.5130,-5.6530,0.1650,-0.8660,0.3000,47412,51063,4,16
663827,8.3450,-4.4070,-5.6920,0.1590,-0.9980,0.3760,47463,51084,6,36
663847,8.3760,-4.4820,-5.8670,0.1220,-1.0980,0.4580,47404,50979,3,9
663867,8.2620,-4.5270,-6.2000,0.0890,-1.1850,0.5370,47302,50901,4,16
663887,8.0950,-4.8150,-6.5950,0.0180,-1.3300,0.6620,47169,50753,0,0
663908,7.9820,-5.0790,-6.8870,0.0070,-1.4210,0.7320,47078,50610,-2,4
663928,7.8490,-5.2530,-6.6880,-0.0370,-1.5040,0.8020,46901,50364,1,1
663948,7.4850,-5.3450,-6.9610,-0.0890,-1.5900,0.8860,46611,50039,1,1
663968,7.3590,-5.5570,-6.7730,-0.1030,-1.6810,0.9400,46249,49554,3,9
663988,7.0320,-5.4970,-7.4340,-0.1240,-1.7250,0.9840,45659,48844,4,16
664008,6.8890,-5.8860,-7.7970,-0.1510,-1.7520,1.0640,45060,48197,1,1
664028,6.5520,-5.9690,-7.8060,-0.1500,-1.7910,1.1070,44641,47789,5,25
664048,6.0490,-5.7900,-7.9260,-0.1350,-1.8230,1.1090,44268,47372,6,36
664068,5.9760,-5.7860,-8.1320,-0.1330,-1.8600,1.1080,43992,47140,7,49
664088,5.7350,-5.7460,-8.0680,-0.1590,-1.9330,1.1510,43776,46921,7,49
664109,5.2920,-5.5100,-8.2710,-0.1670,-1.9460,1.1680,43664,46828,5,25
664129,5.1400,-5.4360,-8.1890,-0.2100,-1.9490,1.1850,43582,46678,0,0
664149,4.8770,-5.7040,-8.2090,-0.1910,-1.9920,1.2150,43435,46459,5,25
664169,4.3450,-5.5490,-8.4740,-0.1770,-2.0130,1.2240,43233,46237,3,9
664189,3.8970,-5.5640,-8.8440,-0.1870,-2.0190,1.2430,43119,46181,2,4
664209,3.3490,-5.6790,-8.7840,-0.2100,-2.0100,1.2720,43131,46118,6,36
664229,2.7820,-5.7370,-8.5370,-0.2640,-1.9820,1.3120,43071,46003,5,25
664249,2.1070,-5.8160,-8.5090,-0.2180,-1.9430,1.3570,43033,45874,3,9
664269,1.4310,-6.3330,-8.7810,-0.1920,-1.8850,1.3750,42840,45458,4,16
664290,1.0180,-6.4140,-8.6170,-0.2170,-1.8920,1.3840,42636,45109,3,9
664310,0.5390,-6.1160,-8.5590,-0.1900,-1.9120,1.3520,42425,44882,4,16
664330,0.4300,-5.7870,-8.1750,-0.2120,-1.8570,1.3410,42338,44712,7,49
664350,0.1140,-5.9530,-8.3760,-0.2290,-1.8420,1.3370,42248,44501,4,16
664370,-0.0510,-5.6590,-8.2560,-0.2740,-1.8640,1.3080,42071,44293,4,16
664390,-0.3710,-5.3240,-7.9310,-0.2680,-1.8530,1.3120,42023,44177,3,9
664410,-0.8580,-4.9980,-8.5770,-0.2940,-1.8490,1.3000,41914,44013,6,36
664430,-0.9830,-5.1850,-8.5980,-0.3380,-1.8700,1.2810,41764,43825,5,25
664450,-1.5060,-4.8400,-8.5510,-0.3250,-1.8750,1.2290,41597,43614,2,4
664470,-2.1870,-4.4720,-7.6300,-0.2970,-1.8670,1.1900,41451,43399,4,16
664491,-2.6520,-4.3560,-7.4580,-0.2960,-1.8490,1.1410,41335,43260,5,25
664511,-2.9450,-4.4760,-7.1980,-0.2490,-1.8670,1.0770,41185,43092,5,25
664531,-3.6480,-4.1050,-7.3330,-0.2240,-1.8130,1.0040,41048,42976,1,1
664551,-3.9940,-4.1430,-7.0110,-0.1720,-1.7970,0.9810,40999,42869,3,9
664571,-4.1440,-4.1430,-6.2440,-0.2210,-1.7810,0.9460,40968,42838,3,9
664591,-4.7870,-3.5170,-5.6600,-0.2140,-1.7470,0.8530,40992,42860,3,9
664611,-5.3400,-3.4310,-5.6720,-0.1260,-1.6530,0.7800,41009,42834,3,9
664631,-5.7040,-3.6080,-6.3580,-0.1080,-1.6340,0.7040,40965,42811,7,49
664651,-5.7750,-3.9370,-5.6970,-0.1190,-1.6340,0.6270,40957,42768,2,4
664671,-6.4970,-3.0570,-4.3570,-0.0060,-1.5900,0.5470,40871,42684,5,25
664692,-7.1440,-2.9520,-4.6240,0.0360,-1.4630,0.5340,40763,42638,4,16
664712,-7.0160,-3.2130,-3.9590,0.0640,-1.3260,0.5480,40718,42627,3,9
664732,-7.2980,-3.1150,-4.1180,0.1420,-1.1910,0.5850,40632,42559,6,36
664752,-7.4950,-2.7750,-4.2310,0.1470,-1.0030,0.5520,40622,42623,3,9
664772,-7.2380,-2.8790,-4.0130,0.1560,-0.9010,0.4660,40835,42841,2,4
664792,-7.3740,-2.7550,-3.9560,0.2090,-0.8580,0.3810,41023,43017,3,9
664812,-7.4650,-2.4300,-3.5310,0.2850,-0.8160,0.3230,41120,42981,3,9
664832,-7.5320,-2.4890,-3.6220,0.2840,-0.6740,0.3150,40993,42836,2,4
664852,-7.3500,-2.6990,-3.6500,0.2210,-0.5660,0.2480,40897,42845,7,49
664872,-7.4910,-2.6020,-3.4280,0.2500,-0.4400,0.2080,40862,42635,5,25
664893,-7.4940,-2.7630,-3.6860,0.2200,-0.3800,0.1380,40698,42503,5,25
664913,-7.5480,-2.8320,-3.4430,0.1100,-0.3010,0.0600,40713,42559,4,16
664933,-7.6760,-2.7750,-3.4660,0.0130,-0.2220,0.0260,40779,42580,3,9
664953,-7.8850,-2.6580,-3.0040,-0.0260,-0.1710,-0.0440,40647,42308,3,9
664973,-8.1570,-2.6350,-3.8990,-0.1100,-0.1200,-0.1030,40475,42175,3,9
664993,-7.8580,-3.2420,-3.6800,-0.1670,-0.1370,-0.1680,40416,42092,4,16
665013,-7.7930,-3.1750,-3.9540,-0.2560,-0.2080,-0.2250,40440,42171,2,4
665033,-8.1870,-2.8060,-3.8610,-0.3580,-0.2010,-0.3220,40536,42291,3,9
665053,-8.1880,-2.7980,-3.4210,-0.5370,-0.1400,-0.4080,40904,42698,4,16
665074,-8.1070,-2.4220,-4.1520,-0.6180,-0.1860,-0.4820,41359,43238,6,36
665094,-8.1750,-2.7900,-4.1650,-0.6800,-0.1850,-0.5200,42008,43865,4,16
665114,-8.2650,-2.6760,-4.1590,-0.7420,-0.2050,-0.5820,42728,44510,1,1
665134,-8.2010,-2.5130,-4.1900,-0.7940,-0.2620,-0.6870,43578,45156,3,9
665154,-8.3930,-2.4170,-4.0680,-0.7280,-0.3330,-0.8310,44500,45860,2,4
665174,-8.4970,-2.2730,-4.4690,-0.6910,-0.3650,-0.9460,45511,46755,5,25
665194,-8.2050,-2.5940,-4.3570,-0.6260,-0.4200,-1.0260,46644,47699,0,0
665214,-8.1000,-2.4800,-3.9240,-0.5410,-0.5090,-1.0690,47316,48024,1,1
665234,-8.2130,-2.4300,-4.1360,-0.5110,-0.5510,-1.1160,47605,48254,3,9
665254,-7.8840,-2.6800,-3.8640,-0.5770,-0.5480,-1.1280,48104,48848,2,4
665275,-7.6950,-2.9660,-3.9620,-0.6050,-0.5100,-1.1320,48645,49575,5,25
665295,-7.8030,-3.0070,-4.2450,-0.6480,-0.3960,-1.1810,49511,50586,5,25
665315,-7.6480,-3.1770,-4.2840,-0.6210,-0.2360,-1.1550,50573,51584,3,9
665335,-7.6100,-3.3900,-4.1010,-0.5160,-0.1730,-1.1460,51356,52170,3,9
665355,-7.6540,-3.6920,-3.9540,-0.4660,-0.1280,-1.2110,51879,52647,6,36
665375,-7.5240,-3.9420,-3.9840,-0.4830,-0.0950,-1.2980,52353,53177,6,36
665395,-7.3670,-4.0280,-3.4790,-0.4950,-0.0640,-1.3140,52883,53669,6,36
665415,-7.1320,-4.3080,-3.3600,-0.4140,-0.1000,-1.3430,53237,53914,4,16
665435,-6.9950,-4.3010,-3.2360,-0.4070,-0.0990,-1.3420,53154,53774,1,1
665455,-6.4250,-4.8050,-3.4750,-0.5230,0.0860,-1.2640,52841,53606,7,49
665476,-6.0730,-4.8810,-3.5600,-0.5730,0.2510,-1.1980,52695,53512,3,9
665496,-5.8620,-5.0730,-4.0590,-0.5720,0.4120,-1.1650,52473,53435,1,1
665516,-5.6120,-5.1990,-4.2440,-0.5170,0.5820,-1.1810,52372,53394,3,9
665536,-5.4660,-5.2490,-4.2140,-0.4580,0.6900,-1.1300,52093,53125,4,16
665556,-5.2240,-5.4780,-4.5500,-0.3950,0.7500,-1.1970,51749,52980,5,25
665576,-4.7350,-5.6480,-4.5790,-0.3290,0.8190,-1.2980,51658,53102,5,25
665596,-4.3310,-6.1590,-4.9540,-0.1840,1.0300,-1.3400,51501,52930,7,49
665616,-3.6360,-6.5600,-5.0330,-0.0800,1.1730,-1.5060,51129,52716,3,9
665636,-2.7320,-7.5700,-5.0180,0.0500,1.3040,-1.6820,51001,52866,4,16
665657,-1.8830,-8.0040,-4.7450,0.1440,1.4700,-1.7840,50979,52874,8,64
665677,-1.1910,-8.7420,-5.1870,0.3110,1.6120,-1.9840,50935,52925,6,36
665697,-0.5030,-9.2950,-5.4250,0.3420,1.7140,-2.1100,50882,52933,1,1
665717,0.4670,-9.4580,-4.1870,0.4390,1.7400,-2.1560,50874,52943,3,9
665737,0.9120,-9.5190,-3.9910,0.5420,1.7850,-2.1560,50795,52973,7,49
665757,1.2830,-9.5650,-4.0460,0.5900,1.8090,-2.1860,50826,53124,2,4
665777,1.8570,-9.6690,-4.3970,0.6050,1.8170,-2.1780,51023,53417,4,16
665797,2.4540,-9.7070,-4.2810,0.6810,1.7990,-2.1890,51338,53732,4,16
665817,2.6240,-9.7870,-5.0000,0.7390,1.7840,-2.1280,51688,53986,3,9
665837,3.1740,-9.9400,-4.8640,0.7770,1.7060,-2.1430,51997,54211,4,16
665858,3.6800,-10.0510,-4.3360,0.7900,1.6650,-2.1320,52257,54367,3,9
665878,3.9440,-9.5120,-4.1290,0.7900,1.6880,-2.1400,52480,54500,-1,1
665898,4.1770,-9.3070,-4.6060,0.7950,1.7370,-2.0410,52723,54516,2,4
665918,4.9140,-9.1700,-3.5100,0.7800,1.7890,-1.9310,52931,54547,2,4
665938,5.0610,-9.1750,-3.5820,0.7890,1.8150,-1.8750,53103,54546,6,36
665958,5.4040,-9.1210,-3.7130,0.7580,1.8110,-1.7470,53334,54506,2,4
665978,5.5590,-8.4650,-3.3380,0.6220,1.8350,-1.6510,53465,54350,6,36
665998,5.8080,-8.7330,-2.7280,0.6380,1.8890,-1.6090,53591,54027,3,9
666018,5.6200,-7.7070,-2.8340,0.5390,2.0040,-1.5440,53636,53521,3,9
666038,6.2420,-6.7280,-1.4860,0.4830,2.0750,-1.4840,53656,52868,5,25
666059,6.2600,-7.2580,-1.9630,0.5050,2.0220,-1.4640,53625,52213,2,4
666079,6.8060,-7.1320,-1.8780,0.5420,1.9190,-1.5240,53514,51708,4,16
666099,6.8830,-6.4780,-1.7450,0.4480,1.8000,-1.5530,53294,51025,3,9
666119,7.2570,-6.7250,-1.0820,0.4460,1.7440,-1.4900,53213,50570,3,9
666139,7.1070,-6.3870,-1.0530,0.4240,1.7080,-1.4720,53002,50057,6,36
666159,6.9920,-6.1120,-0.8100,0.2480,1.6050,-1.5310,52789,49726,7,49
666179,7.2390,-6.1580,-0.1650,0.1160,1.4990,-1.5320,52751,49602,6,36
666199,7.4470,-6.3150,-0.7270,0.0440,1.3610,-1.5370,52738,49463,4,16
666219,7.5780,-6.0660,-0.2600,-0.1070,1.2470,-1.5650,52787,49624,6,36
666239,7.6460,-5.9950,-0.2540,-0.2340,1.0350,-1.5870,52938,49610,5,25
666260,7.4680,-5.9520,-0.5170,-0.3220,0.8930,-1.6040,52967,49512,3,9
666280,8.1440,-6.1040,-0.1520,-0.4090,0.7750,-1.6140,53056,49595,3,9
666300,8.1970,-5.8060,-0.0510,-0.4790,0.7130,-1.6690,53123,49862,3,9
666320,8.4900,-5.8950,-0.8970,-0.5230,0.6690,-1.6520,53268,49965,3,9
666340,8.6850,-5.4930,-0.1450,-0.6570,0.6580,-1.6580,53320,50159,5,25
666360,8.7200,-5.5210,-0.5370,-0.6800,0.6020,-1.6830,53384,50079,2,4
666380,9.1910,-5.4780,-0.6610,-0.6440,0.5410,-1.6990,53456,50014,6,36
666400,9.3220,-4.5560,-0.3030,-0.5830,0.4780,-1.7370,53502,49990,5,25
666420,9.6070,-4.2510,-0.1660,-0.4940,0.3550,-1.7480,53610,49812,3,9
666441,9.9160,-4.1980,-0.1140,-0.4420,0.3370,-1.7950,53724,49826,6,36
666461,10.2110,-3.8740,-0.1540,-0.4190,0.3860,-1.7600,53843,49865,3,9
666481,10.1840,-3.1160,-0.7880,-0.4920,0.3830,-1.7700,53865,49790,4,16
666501,10.6580,-3.0350,-0.0140,-0.4450,0.4040,-1.7260,53952,50038,4,16
666521,10.8160,-2.6910,-0.0170,-0.3780,0.4280,-1.6480,54098,50279,6,36
666541,11.1330,-2.5670,0.2040,-0.3860,0.4100,-1.5650,54194,50509,3,9
666561,11.3430,-2.3310,0.3760,-0.3480,0.3530,-1.4940,54303,50793,5,25
666581,11.6130,-2.0450,0.3440,-0.3320,0.2970,-1.4010,54402,51057,4,16
666601,11.8300,-1.8820,0.4070,-0.2960,0.2580,-1.3010,54487,51305,3,9
666621,11.8630,-1.7810,0.1980,-0.3270,0.2790,-1.1210,54561,51526,3,9
666642,11.8170,-1.3220,0.5710,-0.3860,0.2660,-0.9890,54538,51563,4,16
666662,11.7510,-1.2520,0.8890,-0.4010,0.2640,-0.8000,54524,51555,4,16
666682,11.2720,-1.0680,0.6780,-0.4470,0.2390,-0.6460,54471,51506,1,1
666702,10.9390,-0.9340,0.7840,-0.4820,0.2250,-0.4820,54418,51425,6,36
666722,10.6090,-1.0120,0.8700,-0.5110,0.2160,-0.3340,54358,51302,5,25
666742,10.1390,-0.8610,0.5890,-0.5120,0.1790,-0.2290,54284,51141,4,16
666762,9.8400,-0.9000,0.5230,-0.4700,0.1550,-0.1410,54229,50968,2,4
666782,9.6440,-1.0640,0.5330,-0.4660,0.1510,-0.0780,54159,50781,3,9
666802,9.3920,-1.0160,0.2270,-0.4780,0.1720,-0.0660,54060,50561,4,16
666822,9.3030,-1.0220,0.3810,-0.3640,0.1890,-0.0760,53953,50373,6,36
666843,9.3290,-0.9190,0.5030,-0.3260,0.1540,-0.0910,53874,50240,6,36
666863,9.3730,-0.9340,0.5990,-0.2600,0.1040,-0.1000,53788,50065,4,16
666883,9.4630,-1.0700,0.8090,-0.2080,0.0950,-0.0910,53722,50011,3,9
666903,9.6130,-0.8310,0.5960,-0.2030,0.0870,-0.1080,53715,50100,4,16
666923,9.7280,-0.9720,0.5990,-0.1930,0.0850,-0.1450,53718,50257,0,0
666943,9.9430,-0.8920,0.8030,-0.1740,0.0820,-0.1440,53773,50479,3,9
666963,10.0870,-0.8490,0.8730,-0.1820,0.0560,-0.1300,53807,50617,3,9
666983,10.3440,-0.8450,0.8700,-0.2070,0.0410,-0.0920,53794,50682,4,16
667003,10.2230,-0.8710,0.9490,-0.2610,0.0390,-0.0470,53729,50616,5,25
667024,10.1670,-0.7550,0.9170,-0.2570,0.0430,-0.0190,53681,50559,3,9
667044,10.1720,-0.8460,0.8570,-0.2490,0.0490,-0.0010,53618,50443,3,9
667064,10.2380,-0.7830,0.8930,-0.2630,0.0510,0.0030,53556,50406,5,25
667084,10.4150,-0.7980,0.9680,-0.2540,0.0620,-0.0030,53544,50413,4,16
667104,10.4350,-0.7650,0.9300,-0.2440,0.0800,-0.0190,53520,50369,5,25
667124,10.2220,-0.6940,1.0350,-0.2380,0.0850,-0.0400,53478,50338,2,4
